title,body,language,date,source,url
Manchester City v Manchester United: Premier League â€“ live,âš½ Premier League updates from the 4.30pm BST kick-off âš½ Live scoreboard | Follow us on Bluesky and on Threads Match report: Burnley 0-1 Liverpool Premier League result: Burnley 0-1 Liverpool Continue reading...,English,2025-09-14T16:51:26+00:00,The Guardian,https://www.theguardian.com/football/live/2025/sep/14/manchester-city-v-manchester-united-premier-league-live
Rolling Stoneâ€™s parent company sues Google over AI Overviews,"Disclosure: Penske Media Corporation is an investor in Vox Media, The Vergeâ€™s parent company. Penske Media Corporation, the publisher of Rolling Stone and The Hollywood Reporter, has become the first major American media company to sue Google over its AI summaries. The company claims that the AI Overviews that often appear at the top of [â€¦]",English,2025-09-14T16:49:38+00:00,The Verge,https://www.theverge.com/ai-artificial-intelligence/777788/rolling-stone-penske-media-sue-google-ai-overviews
England v Scotland: Womenâ€™s Rugby World Cup 2025 quarter-final â€“ live,"World Cup updates from Bristol, kick-off at 4pm BST Match report: France 18-13 Ireland | Email Niall More on Sundayâ€™s early quarter-final, as France fought back to break Irelandâ€™s hearts, rallying from 13-0 down at the break to win 18-13 in Exeter. Also worth noting that Scotland have progressed to the quarter-finals despite an ongoing pay dispute, which could see half the squad without central contracts after this tournament. Continue reading...",English,2025-09-14T16:49:25+00:00,The Guardian,https://www.theguardian.com/sport/live/2025/sep/14/england-v-scotland-womens-rugby-world-cup-2025-quarter-final-live
Arab Ministers Meet on Response to Israeli Attack in Qatar,"Arab foreign ministers gathered on Sunday in the Qatari capital, Doha, to lay the groundwork for a summit there the next day.",English,2025-09-14T16:48:29+00:00,New York Times,https://www.nytimes.com/2025/09/14/world/middleeast/arab-ministers-qatar-israel.html
I built Element Fusion,"This is a submission for the Google AI Studio Multimodal Challenge What I Built Ever had a wild, creative idea that was hard to put into words? Maybe you imagined a cyberpunk cat , wearing your favorite sunglasses , majestically riding a cosmic whale through a nebula made of donuts . Trying to generate that with text alone can be a challenge. The AI might not get the exact style of sunglasses or the specific look of the cat you envisioned. That's the problem I wanted to solve. So, I built Element Fusion . Element Fusion isn't just another image generator. It's a visual alchemy engine. It's a creative playground where you provide the core ingredients. Hereâ€™s the magic formula: You upload the elements: That specific cat, those exact sunglasses, a picture of a whale. These are your non-negotiâ€¦",English,2025-09-14T16:46:00+00:00,Dev.to,https://dev.to/arunavmaitra/i-built-element-fusion-5ed6
Fast AI Hair + Color Preview That Actually Helped,"Tried a browser-based hair AI virtual try on: upload one clear front-facing photo, get hairstyle + hair color previews in about 5â€“10 seconds. Wide range of cuts (short, layered, bob, pixie, waves, curls, braids, updos, vintage looks) plus natural, bold, highlight and gradient colors. Generous free credits let me rule out obvious bad haircut ideas before booking the salon. 1.Why I Looked For a Haircut AI Tool I second-guess every change: afraid short cuts widen my face, unsure which tones (cool brown, copper, ash) suit my skin. Static inspiration photos rarely translate. I needed a realistic hair AI preview that isnâ€™t paywall-first or smoothing my face into a filter. 2.What Stood Out Style breadth: practical everyday cuts + experimental (pixie, vintage volume, braid styles, updos) Quick genâ€¦",English,2025-09-14T16:42:19+00:00,Dev.to,https://dev.to/yuki_18_77ff1fd604db8ace7/fast-ai-hair-color-preview-that-actually-helped-1p2j
Quantum Composition: Teaching AI to 'Understand' Like Humans,"Quantum Composition: Teaching AI to 'Understand' Like Humans Tired of AI that excels at pattern recognition but struggles with novel combinations? Current models often fail when faced with scenarios they haven't explicitly seen during training. Imagine asking an AI to describe a ""blue cube on a red sphere"" and it malfunctions because it only saw blue spheres and red cubes. The core issue? Compositional generalization. It's the ability to understand and process new concepts by combining previously learned elements in unforeseen ways. We're exploring a quantum approach: leveraging parameterized quantum circuits to represent and manipulate these compositional relationships. Think of it as building sentences from quantum LEGOs, where each LEGO represents a fundamental concept and the way they â€¦",English,2025-09-14T16:41:45+00:00,Dev.to,https://dev.to/arvindsundararajan/quantum-composition-teaching-ai-to-understand-like-humans-4b46
Proof-of-Work Reputation: A Practical Playbook for Developers and Founders,"The fastest way to change your luck isnâ€™t to shout louderâ€”itâ€™s to ship clearer signals. In a world flooded with launches, pivots, and â€œstealthâ€ noise, the people who win are the ones who make their thinking, craft, and values legible. If youâ€™re a builder, that means treating reputation as an engineering problem: define the spec, ship increments, measure impact, iterate. This article lays out a pragmatic framework you can start using today. For added context, Iâ€™ll reference real, developer-centric takes like this piece on developer identity , which pairs nicely with the playbook below. Why reputation should be engineered, not improvised Code reviewers donâ€™t accept vibes; they accept working diffs with tests. Your reputation works the same way. Investors, hiring managers, contributors, and pâ€¦",English,2025-09-14T16:41:01+00:00,Dev.to,https://dev.to/sonia_bobrik_1939cdddd79d/proof-of-work-reputation-a-practical-playbook-for-developers-and-founders-1hf1
"What I saw at Saturdayâ€™s rally was racism, pure and simple. Labour wonâ€™t tackle it until we can call it what it is | Diane Abbott","Silence about the bigotry inherent in events like Tommy Robinsonâ€™s march will be seen by the thugs as tacit approval of their message I have been on a great many political marches in my time. But Saturdayâ€™s rally, facing up to Tommy Robinsonâ€™s 110,000-strong â€œunite the kingdomâ€ march in London, was the only one where I actually felt threatened. I was on the anti-racist counter march and we were outnumbered 20 to one. This was startling: on anti-racist marches, we usually easily outnumber the racists. The march organised by Robinson, whose real name is Stephen Yaxley-Lennon, was billed as â€œa free speech rallyâ€, but free speech in this case seemed to mean people saying anything they wanted about only one subject: immigration. Diane Abbott has been the Labour MP for Hackney North and Stoke Neâ€¦",English,2025-09-14T16:40:53+00:00,The Guardian,https://www.theguardian.com/commentisfree/2025/sep/14/diane-abbott-tommy-robinson-london-rally-labour
Iris- Your AI Interviewer(Audio+ Visual+ Live Cam+ Feedback)ğŸ™ï¸ğŸ“¹âœ¨,"ğŸ’¡ What I Built Iris is an AI-powered Interview Coach designed to help candidates practice, improve, and excel in interviews. Instead of reading generic interview guides, Iris creates a personalized interview experience by combining resume understanding, live camera interaction, and structured feedback â€” powered by Google AI Studio (Gemini multimodal models). It feels just like a face-to-face mock interview with a professional hiring manager, but available anytime, anywhere. ğŸŒŸ Iris Features ğŸ“„ Resume Scan â€“ Upload PDF/image, extracts key skills, experience, education & generates a concise summary. ğŸ¤ Live AI Interview â€“ Face-to-face AI interviewer with camera & mic, adapting questions to your resume & responses. ğŸ¤– Personalized Feedback & Coaching â€“ Gets strengths, areas to improve, and STAR mâ€¦",English,2025-09-14T16:40:10+00:00,Dev.to,https://dev.to/shreya111111/iris-your-ai-intervieweraudio-visual-live-cam-feedback-4nl2
NanoGem Nail Art Studio ğŸ’…ğŸ»,"This is a submission for the Google AI Studio Multimodal Challenge What I Built Introducing NanoGem Studio , a delightful and engaging nail art experience built with the power of NanoBanana and Google AI Studio. This applet allows you to virtually try on different nail art designs from a palette, try custom studio views that further enhances the beauty of nails, and also create your own nail art look using natural language prompts.It also offers a gallery section to save your favorite designs for future use. So, the next time when you sit with your nail art kit at home or pay a visit to some studio, you will have your own personalized collection of nail art designs to get that perfect dreamy look on your nails. Demo Applet link: live app Applet demo Applet Screenshots How I Used Google AI â€¦",English,2025-09-14T16:37:13+00:00,Dev.to,https://dev.to/saloni0512/nanogem-nail-art-studio-4enn
Day 95: The Post-Deadline Crash: When Your Brain Goes on Strike,"It's 9:20 PM on Day 95 of building in public, and I'm having one of those moments where reality hits different. Yesterday was pure chaos. I submitted my pitch project exactly 2 minutes before the deadline - that specific kind of panic where your heart is racing, your hands are shaking slightly, and you're clicking ""submit"" while simultaneously praying to every deity that the internet doesn't fail you in this crucial moment. The relief was instant. That weight-off-your-shoulders, ""holy-shit-I-actually-did-it"" feeling that makes you want to immediately celebrate and sleep for 12 hours. The Inevitable Crash And that's exactly what happened. My brain basically went on strike today. You know that feeling when you complete something big and your entire system just... shuts down? Like your motivaâ€¦",English,2025-09-14T16:36:51+00:00,Dev.to,https://dev.to/casperday11/day-95-the-post-deadline-crash-when-your-brain-goes-on-strike-8al
Celtic win in added time amid fan protests while Rangers board back Martin,"Iheanacho on spot with almost last kick at Kilmarnock Rangers fans voiced anger after home loss to Hearts The debutant Kelechi Iheanacho scored a last-gasp penalty as mutinous Celtic fans were left celebrating a 2-1 victory over Kilmarnock that moved them back to the top of the Premiership. After a summer in which the club were widely deemed to have failed to adequately bolster their squad in the summer before crashing out of the Champions League at the hands of Kairat Almaty, angry supporters held a crisis meeting last week and decided to boycott the opening 12 minutes of the Rugby Park fixture. Around half of the travelling fans opted against partaking in the late-entry protest while the others eventually filtered in to witness the remainder of an underwhelming, goalless first half from â€¦",English,2025-09-14T16:35:31+00:00,The Guardian,https://www.theguardian.com/football/2025/sep/14/kilmarnock-celtic-scottish-premiership-match-report
Ø±Ø¦ÙŠØ³ Ø§Ù„ÙˆØ²Ø±Ø§Ø¡ Ø§Ù„Ù‚Ø·Ø±ÙŠ: Ø§Ù„Ù‡Ø¬ÙˆÙ… Ø§Ù„Ø¥Ø³Ø±Ø§Ø¦ÙŠÙ„ÙŠ Ù„Ù† ÙŠÙˆÙ‚Ù Ø¬Ù‡ÙˆØ¯Ù†Ø§ Ù„Ù„ÙˆØ³Ø§Ø·Ø©,Ù‚Ø§Ù„ Ø±Ø¦ÙŠØ³ Ø§Ù„ÙˆØ²Ø±Ø§Ø¡ ÙˆØ²ÙŠØ± Ø§Ù„Ø®Ø§Ø±Ø¬ÙŠØ© Ø§Ù„Ù‚Ø·Ø±ÙŠØŒ Ø§Ù„Ø´ÙŠØ® Ù…Ø­Ù…Ø¯ Ø¨Ù† Ø¹Ø¨Ø¯ Ø§Ù„Ø±Ø­Ù…Ù† Ø¢Ù„ Ø«Ø§Ù†ÙŠØŒ Ø¥Ù† Ø§Ù„Ù‡Ø¬ÙˆÙ… Ø§Ù„Ø¥Ø³Ø±Ø§Ø¦ÙŠÙ„ÙŠ Ø¹Ù„Ù‰ ÙˆÙØ¯ Ø­Ø±ÙƒØ© Ø­Ù…Ø§Ø³ ÙÙŠ Ø§Ù„Ø¯ÙˆØ­Ø©ØŒ Ù„Ù† ÙŠØ«Ù†ÙŠ Ø¨Ù„Ø§Ø¯Ù‡ Ø¹Ù† Ù…ÙˆØ§ØµÙ„Ø© Ø¬Ù‡ÙˆØ¯ Ø§Ù„ÙˆØ³Ø§Ø·Ø© Ø¨Ø´Ø£Ù† Ø§Ù„Ø­Ø±Ø¨ ÙÙŠ ØºØ²Ø©.,Arabic,2025-09-14T16:34:50+00:00,CNN Arabic,https://arabic.cnn.com/middle-east/article/2025/09/14/qatari-prime-minister-israeli-attack-will-not-halt-our-mediation-efforts
Can Lab-Grown Coral Restore Reefs Damaged By Climate Change?,"Many coral reefs ""have now turned ghostly white,"" reports CBS News â€” and ""a major culprit is climate change."" 

SFGate adds that more than 50% of the world's coral reefs have been lost, mostly over the past 10 years, according to coral reef scientist Rebecca Albright at the California Academy of Sciences. ""If changes aren't made soon, 90% to 99% of the coral reefs that are remaining could be deteriorated by 2050, Albright said..."" 

But CBS News notes that Albright's lab is the first in America to successfully spawn coral to regenerate the reefs:
The lab is mastering the art and science of creating baby corals, and the scientists have brought their expertise into the wild. The location: the second-largest reef in the world, known as the Mesoamerican Reef, stretching some 700 miles along thâ€¦",English,2025-09-14T16:34:00+00:00,Slashdot,https://news.slashdot.org/story/25/09/13/2025209/can-lab-grown-coral-restore-reefs-damaged-by-climate-change?utm_source=rss1.0mainlinkanon&utm_medium=feed
"iPhone 17, iPhone Air, AirPods Pro 3, and everything else announced at Appleâ€™s hardware event","From a new slim iPhone Air model to  redesigned AirPods, here's what was announced at this year's Apple event.",English,2025-09-14T16:32:39+00:00,TechCrunch,https://techcrunch.com/2025/09/14/iphone-17-iphone-air-airpods-pro-3-and-everything-else-announced-at-apples-hardware-event/
"Django + PgBouncer in Production: Pitfalls, Fixes, and Survival Tricks","In this article I will tell you about my experience of using PgBouncer with the Production Django application, and how it worked for us and what difficulties we met. First, Iâ€™ll explain why we needed a connection pooler like PgBouncer and how it helps solve common database connection overhead problems. After that, I will guide you through our installation process and share our experience using it in a production environment, including the specific problems we faced and the solutions we implemented Why did we need to add PgBouncer? Our backend wasnâ€™t constantly flooded with users, but during ad campaigns we saw huge traffic spikes that created hundreds of open connections to PostgreSQL instance. This connection overhead was a significant bottleneck. So, we decided to offload the connection â€¦",English,2025-09-14T16:27:05+00:00,Dev.to,https://dev.to/artemooon/django-pgbouncer-in-production-pitfalls-fixes-and-survival-tricks-3jib
"Ø¥Ø¬Ù…Ø§Ø¹ Ø£ÙØ±ÙŠÙ‚ÙŠ Ø¹Ù„Ù‰ ""Ø®Ø±ÙŠØ·Ø© Ø§Ù„Ø·Ø±ÙŠÙ‚"" Ø§Ù„Ø¯ÙˆÙ„ÙŠØ© Ù„Ø­Ù„ Ø£Ø²Ù…Ø© Ø§Ù„Ø³ÙˆØ¯Ø§Ù†","Ù‚Ø§Ù„Øª Ù…ÙÙˆØ¶ÙŠØ© Ø§Ù„Ø§ØªØ­Ø§Ø¯ Ø§Ù„Ø£ÙØ±ÙŠÙ‚ÙŠ ÙˆØ§Ù„Ù‡ÙŠØ¦Ø© Ø§Ù„Ø­ÙƒÙˆÙ…ÙŠØ© Ø§Ù„Ø¯ÙˆÙ„ÙŠØ© Ø§Ù„Ù…Ø¹Ù†ÙŠØ© Ø¨Ø§Ù„ØªÙ†Ù…ÙŠØ© ""Ø¥ÙŠØºØ§Ø¯""ØŒ ÙŠÙˆÙ… Ø§Ù„Ø£Ø­Ø¯ØŒ Ø¥Ù† Ø§Ù„Ù…ÙˆÙ‚Ù Ø§Ù„Ø°ÙŠ Ø£Ø¹Ù„Ù†ØªÙ‡ Ø§Ù„Ù…Ø¬Ù…ÙˆØ¹Ø© Ø§Ù„Ø±Ø¨Ø§Ø¹ÙŠØ© Ø¨Ø´Ø£Ù† Ø§Ù„Ø³ÙˆØ¯Ø§Ù† ÙŠØªØ·Ø§Ø¨Ù‚ ØªÙ…Ø§Ù…Ø§ Ù…Ø¹ Ø®Ø±ÙŠØ·Ø© Ø§Ù„Ø·Ø±ÙŠÙ‚ Ø§Ù„Ø£ÙØ±ÙŠÙ‚ÙŠØ© Ù„Ù„Ø³Ù„Ø§Ù… ÙÙŠ Ø§Ù„Ø³ÙˆØ¯Ø§Ù†.",Arabic,2025-09-14T16:24:36+00:00,Sky News Arabia,https://www.skynewsarabia.com/middle-east/1820245-%D8%A7%D9%95%D8%AC%D9%85%D8%A7%D8%B9-%D8%A7%D9%94%D9%81%D8%B1%D9%8A%D9%82%D9%8A-%D8%AE%D8%B1%D9%8A%D8%B7%D8%A9-%D8%A7%D9%84%D8%B7%D8%B1%D9%8A%D9%82-%D8%A7%D9%84%D8%AF%D9%88%D9%84%D9%8A%D8%A9-%D9%84%D8%AD%D9%84-%D8%A7%D9%94%D8%B2%D9%85%D8%A9-%D8%A7%D9%84%D8%B3%D9%88%D8%AF%D8%A7%D9%86
"Ø¨Ø¹Ø¯ Ù‡Ø¯ÙÙ‡ Ø£Ù…Ø§Ù… Ø¨ÙŠØ±Ù†Ù„ÙŠ ÙÙŠ ""Ø§Ù„ÙˆÙ‚Øª Ø§Ù„Ù‚Ø§ØªÙ„"".. Ù…Ø§ Ø§Ù„Ø±Ù‚Ù… Ø§Ù„Ù‚ÙŠØ§Ø³ÙŠ Ø§Ù„Ø¬Ø¯ÙŠØ¯ Ø§Ù„Ø°ÙŠ Ø­Ù‚Ù‚Ù‡ ØµÙ„Ø§Ø­ØŸ",Ø³Ø¬Ù‘Ù„ Ù…Ø­Ù…Ø¯ ØµÙ„Ø§Ø­ Ù‡Ø¯ÙÙ‹Ø§ØŒ Ù‚Ø§Ø¯ Ù…Ù† Ø®Ù„Ø§Ù„Ù‡ Ù†Ø§Ø¯ÙŠ Ù„ÙŠÙØ±Ø¨ÙˆÙ„ Ù„ØªØ­Ù‚ÙŠÙ‚ Ø§Ù„ÙÙˆØ² Ø¹Ù„Ù‰ Ù†Ø§Ø¯ÙŠ Ø¨ÙŠØ±Ù†Ù„ÙŠØŒ ÙÙŠ Ù…Ø¨Ø§Ø±Ø§Ø© Ø£ÙÙ‚ÙŠÙ…Øª Ø¹Ù„Ù‰ Ø£Ø±Ø¶ Ù…Ù„Ø¹Ø¨ Ø§Ù„Ø£Ø®ÙŠØ±ØŒ Ø§Ù„Ø£Ø­Ø¯ØŒ Ø¶Ù…Ù† Ù…Ø¨Ø§Ø±ÙŠØ§Øª Ø§Ù„Ø£Ø³Ø¨ÙˆØ¹ Ø§Ù„Ø±Ø§Ø¨Ø¹ Ù…Ù† Ø§Ù„Ø¯ÙˆØ±ÙŠ Ø§Ù„Ø¥Ù†Ø¬Ù„ÙŠØ²ÙŠ Ø§Ù„Ù…Ù…ØªØ§Ø² (Ø§Ù„Ø¨Ø±ÙŠÙ…ÙŠØ±Ù„ÙŠØº).,Arabic,2025-09-14T16:24:31+00:00,CNN Arabic,https://arabic.cnn.com/sport/article/2025/09/14/mohamed-salah-liverpool-burnley-match
Rolling Stone owner Penske Media sues Google over AI summaries,Penske's lawsuit accuses Google of abusing its monopoly power in search to force publishers to support AI summaries.,English,2025-09-14T16:20:00+00:00,TechCrunch,https://techcrunch.com/2025/09/14/rolling-stone-owner-penske-media-sues-google-over-ai-summaries/
"Via raises $492.9M in IPO, and German automakers go on the offensive",Welcome back to TechCrunch Mobility â€” your central hub for news and insights on the future of transportation.,English,2025-09-14T16:05:00+00:00,TechCrunch,https://techcrunch.com/2025/09/14/via-raises-492-9m-in-ipo-and-german-automakers-go-on-the-offensive/
U.S. and China Resume Talks on Tariffs and TikTok,Economic officials meeting in Madrid are seeking to head off a November tariff deadline.,English,2025-09-14T16:03:51+00:00,New York Times,https://www.nytimes.com/2025/09/14/business/us-china-trade-tiktok-negotiations.html
"Shooting suspect had â€˜very different ideologyâ€™ than conservative family, Utah governor says","Spencer Cox says suspect had been â€˜radicalizedâ€™, and had a romantic partner transitioning from male to female The Utah governor, Spencer Cox, on Sunday told national talkshows that the man suspected of killing Turning Point USA executive director Charlie Kirk was living with and in a relationship with a person â€œtransitioning from male to femaleâ€ as investigators continue exploring a possible motive in the attack. The Republican politicianâ€™s comments came four days after Kirk â€“ a critic of gay and transgender rights â€“ was shot to death from a distance with a rifle during an event at Utah Valley University while speaking with a student about mass shootings in the US and trans people. Nonetheless, Cox stopped short of saying that officials had determined the suspectâ€™s partnerâ€™s alleged statusâ€¦",English,2025-09-14T16:02:08+00:00,The Guardian,https://www.theguardian.com/us-news/2025/sep/14/charlie-kirk-shooting-suspect-roommate
This natural rubber yoga mat lasted me a decade of daily practice,"The JadeYoga Harmony helped me unlock a new form of fitness, and stuck with me for the long haul Have a buy it for life product recommendation â€“ or disagree with our review? Email thefilter.us@theguardian.com Sign up for the Filter US newsletter, your weekly guide to buying fewer, better things. The original yogis didnâ€™t have rubber mats, or foam ones, for that matter. They had bare ground, grass mats and animal skins, if they were lucky. So when my wife suggested I spend $90 on a natural rubber yoga mat like the one she had, I balked. Is that really necessary? It turns out the answer was yes. Ten years later, Iâ€™m still using the JadeYoga Harmony mat I sprang for, and Iâ€™m no longer a skeptic, Iâ€™m an evangelist. Natural rubber provides enough cushion for comfort, enough grip to safely push â€¦",English,2025-09-14T16:00:38+00:00,The Guardian,https://www.theguardian.com/lifeandstyle/2025/sep/14/jadeyoga-harmony-yoga-mat-bifl
Three in four English hospitals failing to hit two cancer targets in league tables,"Exclusive: Cancer experts declare â€˜national emergencyâ€™ as hospitals miss targets on diagnosis and starting treatment Three in four NHS hospital trusts are failing cancer patients, according to the first league tables of their kind, prompting experts to declare a â€œnational emergencyâ€. Labour published the first league tables to rank hospitals in England from best to worst since the early 2000s this week. The overall rankings score trusts based on a range of measures including finances and patient safety, as well as how they are bringing down waiting times for operations and in A&E, and improving ambulance response times. Continue reading...",English,2025-09-14T16:00:37+00:00,The Guardian,https://www.theguardian.com/society/2025/sep/14/hospitals-england-failing-to-hit-cancer-targets-league-tables
US companies put brakes on hiring after Trumpâ€™s tariffs hit,Industries most exposed to rising costs caused by trade wars launch wave of job cuts,English,2025-09-14T16:00:07+00:00,Financial Times,https://www.ft.com/content/35848bf7-16e1-4036-bacf-629af9d19469
La Liga Soccer: Stream Barcelona vs. Valencia Live From Anywhere,The defending champs take on Los Che at Johan Cruyff Stadium.,English,2025-09-14T16:00:03+00:00,CNET,https://www.cnet.com/tech/services-and-software/la-liga-soccer-stream-barcelona-vs-valencia-live-from-anywhere/#ftag=CAD590a51e
"McCaul, a Foreign Policy Leader in the House, Wonâ€™t Seek Re-election","Representative Michael McCaul, an 11-term Texas Republican who chairs the House Foreign Affairs Committee, announced on Sunday that he would retire from Congress.",English,2025-09-14T15:58:27+00:00,New York Times,https://www.nytimes.com/2025/09/14/us/politics/michael-mccaul-retires-house-texas.html
"Synchronised swimmers, sheep and Cardi B: photos of the weekend",The Guardianâ€™s picture editors select photographs from around the world Continue reading...,English,2025-09-14T15:55:09+00:00,The Guardian,https://www.theguardian.com/news/gallery/2025/sep/14/synchronised-swimmers-sheep-and-cardi-b-photos-of-the-weekend
Ø´Ø§Ù‡Ø¯.. ÙˆØ§Ø¦Ù„ Ø§Ù„Ø¯Ø­Ø¯ÙˆØ­ ÙŠØ±ÙˆÙŠ Ù„Ù€CNN ÙƒÙŠÙ ÙˆØ§ØµÙ„ Ø¹Ù…Ù„Ù‡ Ø¨Ø§Ù„ØµØ­Ø§ÙØ© Ø±ØºÙ… ÙÙ‚Ø¯Ø§Ù† Ø£ÙØ±Ø§Ø¯ Ø¹Ø§Ø¦Ù„ØªÙ‡ ÙÙŠ ØºØ²Ø©,"Ø®Ù„Ø§Ù„ Ù…Ù‚Ø§Ø¨Ù„Ø© Ø£Ø¬Ø±Ø§Ù‡Ø§ Ù…Ø¹ Ù…Ø°ÙŠØ¹Ø© Ø´Ø¨ÙƒØ© CNNØŒ ÙƒØ±ÙŠØ³ØªÙŠØ§Ù† Ø£Ù…Ø§Ù†Ø¨ÙˆØ±ØŒ ØªØ­Ø¯Ø« Ø§Ù„ØµØ­ÙÙŠ Ø§Ù„ÙÙ„Ø³Ø·ÙŠÙ†ÙŠ ÙˆÙ…Ø¯ÙŠØ± Ù…ÙƒØªØ¨ Ù‚Ù†Ø§Ø© Ø§Ù„Ø¬Ø²ÙŠØ±Ø© ÙÙŠ ØºØ²Ø©ØŒ ÙˆØ§Ø¦Ù„ Ø§Ù„Ø¯Ø­Ø¯ÙˆØ­ØŒ Ø§Ù„Ø°ÙŠ ÙÙ‚Ø¯ Ø²ÙˆØ¬ØªÙ‡ ÙˆØ§Ø¨Ù†ØªÙ‡ ÙˆØ§Ø¨Ù†Ù‡ ÙˆØ­ÙÙŠØ¯Ù‡ ÙÙŠ Ù‡Ø¬Ù…Ø§Øª Ø¥Ø³Ø±Ø§Ø¦ÙŠÙ„ÙŠØ© Ø¨Ø§Ù„Ù‚Ø·Ø§Ø¹ØŒ Ø­ÙˆÙ„ Ù…Ø§ ÙŠØ¯ÙØ¹Ù‡ Ù„Ù„Ø§Ø³ØªÙ…Ø±Ø§Ø± ÙÙŠ Ø§Ù„Ø¹Ù…Ù„ Ø¨Ø§Ù„ØµØ­Ø§ÙØ© Ø±ØºÙ… ÙÙ‚Ø¯Ø§Ù† Ø£ÙØ±Ø§Ø¯ Ø¹Ø§Ø¦Ù„ØªÙ‡ØŒ Ù„Ø§ÙØªØ§ Ø£Ù† Ù‡Ø°Ø§ ""Ø£Ù‚Ù„ Ù…Ø§ ÙŠÙ‚Ø¯Ù…Ù‡ ÙˆÙØ§Ø¡ Ù„Ù‡Ù…"" ÙˆÙ„Ø²Ù…Ù„Ø§Ø¦Ù‡ Ø§Ù„Ø°ÙŠÙ† Ù‚ÙØªÙ„ÙˆØ§ Ø£ÙŠØ¶Ù‹Ø§.",Arabic,2025-09-14T15:54:55+00:00,CNN Arabic,https://arabic.cnn.com/middle-east/video/2025/09/14/v180685-wael-aldahouh-p1
How Nancy Pelosi Quietly Shaped Californiaâ€™s Redistricting Fight,Private meetings and longtime loyalties helped push what began as something of a Democratic bluff into a full-fledged counteroffensive against President Trump.,English,2025-09-14T15:45:07+00:00,New York Times,https://www.nytimes.com/2025/09/14/us/politics/nancy-pelosi-california-redistricting.html
"Microsoft Escapes EU Competition Probe by Unbundling Teams for Seven Years, Opening API","TechCrunch reports:

Thanks to a pledge to unbundle its corporate messaging app Teams from its productivity suites, Microsoft has managed to slip unscathed through a major antitrust investigation by the European Commission that could have resulted in massive fines for the tech giant. 

The Commission on Friday okayed Microsoft's concessions to address the EU's competition concerns over the company including Teams along with the rest of its Office productivity suite for free, concluding a multi-year investigation that was sparked by complaints from rival office messaging app Slack in 2020. Microsoft has promised that for the next seven years, it will provide Microsoft 365 and Office 365 without Teams at a lower price and will let customers choose whether they want to pay more to add the colâ€¦",English,2025-09-14T15:34:00+00:00,Slashdot,https://slashdot.org/story/25/09/14/0433205/microsoft-escapes-eu-competition-probe-by-unbundling-teams-for-seven-years-opening-api?utm_source=rss1.0mainlinkanon&utm_medium=feed
"Ricky Hatton, British Boxer and Former World Champion, Is Dead","The British authorities said that the boxer, who retired in 2012, was found unresponsive at a home in Greater Manchester.",English,2025-09-14T15:31:56+00:00,New York Times,https://www.nytimes.com/2025/09/14/sports/ricky-hatton-dead.html
"Kirk Shooting Suspect Held â€˜Leftist Ideology,â€™ Utah Governor Says","Gov. Spencer Cox said the suspect had been â€œradicalized,â€ and noted he had a romantic partner who is transitioning from male to female who is cooperating fully with investigators.",English,2025-09-14T15:28:45+00:00,New York Times,https://www.nytimes.com/2025/09/14/us/kirk-shooting-suspect-ideology-partner.html
Romania Says Russian Drone Entered Its Airspace,"It was the second time in less than a week that a Russian drone had flown through a NATO memberâ€™s airspace. Last week, NATO scrambled fighter jets to shoot down Russian drones in Polish airspace.",English,2025-09-14T15:18:03+00:00,New York Times,https://www.nytimes.com/2025/09/14/world/europe/romania-drone-russia-ukraine.html
"Ø±Ø¦ÙŠØ³ ÙˆØ²Ø±Ø§Ø¡ Ù‚Ø·Ø±: Ø§Ù„Ø§Ø¹ØªØ¯Ø§Ø¡ Ø§Ù„Ø¥Ø³Ø±Ø§Ø¦ÙŠÙ„ÙŠ Ø¹Ù„Ù‰ Ø§Ù„Ø¯ÙˆØ­Ø© ""Ø¥Ø±Ù‡Ø§Ø¨ Ø¯ÙˆÙ„Ø©""","ÙˆØµÙ Ø±Ø¦ÙŠØ³ Ø§Ù„ÙˆØ²Ø±Ø§Ø¡ Ø§Ù„Ù‚Ø·Ø±ÙŠØŒ Ø§Ù„Ø´ÙŠØ® Ù…Ø­Ù…Ø¯ Ø¨Ù† Ø¹Ø¨Ø¯ Ø§Ù„Ø±Ø­Ù…Ù† Ø¢Ù„ Ø«Ø§Ù†ÙŠØŒ ÙŠÙˆÙ… Ø§Ù„Ø£Ø­Ø¯ØŒ Ø§Ù„Ø§Ø¹ØªØ¯Ø§Ø¡ Ø§Ù„Ø¥Ø³Ø±Ø§Ø¦ÙŠÙ„ÙŠ Ø¹Ù„Ù‰ Ø§Ù„Ø¹Ø§ØµÙ…Ø© Ø§Ù„Ø¯ÙˆØ­Ø© Ø¨Ø£Ù†Ù‡ ""Ø¥Ø±Ù‡Ø§Ø¨ Ø¯ÙˆÙ„Ø©""ØŒ Ù…Ø¤ÙƒØ¯Ø§ Ø£Ù† Ù‚Ø·Ø± Ø³ØªÙˆØ§Ø¬Ù‡ Ø£ÙŠ ØªÙ‡Ø¯ÙŠØ¯ ØªØªØ¹Ø±Ø¶ Ù„Ù‡ ""Ø¨ÙƒÙ„ Ø§Ù„ÙˆØ³Ø§Ø¦Ù„ Ø§Ù„Ù‚Ø§Ù†ÙˆÙ†ÙŠØ© Ø§Ù„Ù…Ù…ÙƒÙ†Ø©"".",Arabic,2025-09-14T15:15:23+00:00,Sky News Arabia,https://www.skynewsarabia.com/middle-east/1820241-%D8%B1%D9%8A%D9%94%D9%8A%D8%B3-%D9%88%D8%B2%D8%B1%D8%A7%D8%A1-%D9%82%D8%B7%D8%B1-%D8%A7%D9%84%D8%A7%D8%B9%D8%AA%D8%AF%D8%A7%D8%A1-%D8%A7%D9%84%D8%A7%D9%95%D8%B3%D8%B1%D8%A7%D9%8A%D9%94%D9%8A%D9%84%D9%8A-%D8%A7%D9%84%D8%AF%D9%88%D8%AD%D8%A9-%D8%A7%D9%95%D8%B1%D9%87%D8%A7%D8%A8-%D8%AF%D9%88%D9%84%D8%A9
"Ø¨Ø±ÙƒÙ„Ø© Ø¬Ø²Ø§Ø¡ ØµÙ„Ø§Ø­.. Ù„ÙŠÙØ±Ø¨ÙˆÙ„ ÙŠÙ†Ø¬Ùˆ Ù…Ù† ""ÙØ®"" Ø¨ÙŠØ±Ù†Ù„ÙŠ",Ø£Ù†Ù‚Ø°Øª Ø±ÙƒÙ„Ø© Ø¬Ø²Ø§Ø¡ Ù„Ù„Ù†Ø¬Ù… Ø§Ù„Ù…ØµØ±ÙŠ Ù…Ø­Ù…Ø¯ ØµÙ„Ø§Ø­ØŒ ÙØ±ÙŠÙ‚ Ù„ÙŠÙØ±Ø¨ÙˆÙ„ØŒ Ù…Ù† ØªØ¹Ø§Ø¯Ù„ Ø³Ù„Ø¨ÙŠ Ù…Ø®Ø¬Ù„ØŒ Ø£Ù…Ø§Ù… Ø§Ù„ØµØ§Ø¹Ø¯ Ø­Ø¯ÙŠØ«Ø§ØŒ Ù†Ø§Ø¯ÙŠ Ø¨ÙŠØ±Ù†Ù„ÙŠØŒ Ù…Ø³Ø§Ø¡ Ø§Ù„Ø£Ø­Ø¯.,Arabic,2025-09-14T15:13:38+00:00,Sky News Arabia,https://www.skynewsarabia.com/sport/1820244-%D8%A8%D8%B1%D9%83%D9%84%D8%A9-%D8%AC%D8%B2%D8%A7%D8%A1-%D8%B5%D9%84%D8%A7%D8%AD-%D9%84%D9%8A%D9%81%D8%B1%D8%A8%D9%88%D9%84-%D9%8A%D9%86%D8%AC%D9%88-%D9%81%D8%AE-%D8%A8%D9%8A%D8%B1%D9%86%D9%84%D9%8A
The Helldivers community is coping with a spotlight it doesnâ€™t want,"""Yesterday was an interesting day for the Helldivers community."" That's the very obvious understatement that announced the reopening of the Helldivers gaming subreddit in the small hours of Saturday morning. On Friday it was discovered that Tyler Robinson, arrested for the alleged killing of Charlie Kirk, had inscribed messages on the casings of several bullets [â€¦]",English,2025-09-14T15:00:00+00:00,The Verge,https://www.theverge.com/games/777738/helldivers-community-reddit-discord-charlie-kirk
â€˜Selling coffee beans to Starbucksâ€™ â€“ how the AI boom could leave AIâ€™s biggest companies behind,The competitive landscape of AI is changing in ways that undermine the advantages of the biggest AI labs.,English,2025-09-14T15:00:00+00:00,TechCrunch,https://techcrunch.com/2025/09/14/selling-coffee-beans-to-starbucks-how-the-ai-boom-could-leave-ais-biggest-companies-behind/
Najibullah Zazi Is Imprisoned Again After Donating to Co-Conspirators,"Najibullah Zazi admitted plotting an attack on the New York City subway with two friends, and then testified against them. Now he is behind bars after putting money in their prison accounts.",English,2025-09-14T14:58:57+00:00,New York Times,https://www.nytimes.com/2025/09/14/nyregion/zazi-terrorism-detention.html
"Ù…Ø³Ù„Ø³Ù„Ø§Øª ØªØ±ÙƒÙŠØ©: Ø§Ù„Ù…ÙˆØ³Ù… Ø§Ù„Ø«Ø§Ù†ÙŠ Ù…Ù† ""Ø§Ù„Ù…Ø¯ÙŠÙ†Ø© Ø§Ù„Ø¨Ø¹ÙŠØ¯Ø©"".. Ù‡Ù„ Ø³ÙŠØµÙ…Ø¯ Ø­Ø¨ Ø¹Ù„ÙŠØ§ ÙˆØ¬ÙŠÙ‡Ø§Ù† Ø±ØºÙ… Ø§Ù„Ø¹Ù‚Ø¨Ø§ØªØŸ","ÙŠØªØµØ§Ø¹Ø¯ Ø§Ù„ØªØ´ÙˆÙŠÙ‚ØŒ Ù„Ø¨Ø¯Ø¡ Ø¹Ø±Ø¶ Ø§Ù„Ù…ÙˆØ³Ù… Ø§Ù„Ø«Ø§Ù†ÙŠ Ù…Ù† Ø§Ù„Ù…Ø³Ù„Ø³Ù„ Ø§Ù„ØªØ±ÙƒÙŠ ""Ø§Ù„Ù…Ø¯ÙŠÙ†Ø© Ø§Ù„Ø¨Ø¹ÙŠØ¯Ø©""ØŒ Ù…Ù†ØªØµÙ Ø³Ø¨ØªÙ…Ø¨Ø±/ Ø£ÙŠÙ„ÙˆÙ„ Ø§Ù„Ø¬Ø§Ø±ÙŠØŒ ÙˆØ§Ù„Ù…Ù‚ØªØ¨Ø³ Ø¹Ù† Ø§Ù„Ù…Ø³Ù„Ø³Ù„ Ø§Ù„Ø¹Ø±Ø¨ÙŠ ""Ø§Ù„Ù‡ÙŠØ¨Ø©"" Ø§Ù„Ø°ÙŠ Ø­Ù‚Ù‚ Ù†Ø¬Ø§Ø­Ù‹Ø§ Ø¬Ù…Ø§Ù‡ÙŠØ±ÙŠÙ‹Ø§ ÙƒØ¨ÙŠØ±Ù‹Ø§ ÙÙŠ Ø§Ù„Ø¹Ø§Ù„Ù… Ø§Ù„Ø¹Ø±Ø¨ÙŠØŒ ÙˆØ§Ù…ØªØ¯Øª Ø§Ø­Ø¯Ø§Ø«Ù‡ Ø¹Ù„Ù‰ 5 Ø£Ø¬Ø²Ø§Ø¡ Ù‚Ø¯Ù‘Ù…Øª Ø¨ÙŠÙ† Ø¹Ø§Ù…ÙŠ 2017 Ùˆ2021.",Arabic,2025-09-14T14:52:51+00:00,CNN Arabic,https://arabic.cnn.com/entertainment/article/2025/09/14/turkish-series-season-2-of-uzak-sehir-will-alia-and-jihans-love-endure
Ø±ÙˆØ¨ÙŠÙˆ ÙŠØ²ÙˆØ± Ø§Ù„Ø­Ø§Ø¦Ø· Ø§Ù„ØºØ±Ø¨ÙŠ Ø¨Ø§Ù„Ù‚Ø¯Ø³ ÙˆØ³Ø· Ø®Ø·Ø· Ø­ÙƒÙˆÙ…Ø© Ù†ØªÙ†ÙŠØ§Ù‡Ùˆ Ù„Ø¶Ù… Ø§Ù„Ø¶ÙØ© Ø§Ù„ØºØ±Ø¨ÙŠØ©,Ø²Ø§Ø± ÙˆØ²ÙŠØ± Ø§Ù„Ø®Ø§Ø±Ø¬ÙŠØ© Ø§Ù„Ø£Ù…Ø±ÙŠÙƒÙŠØŒ Ù…Ø§Ø±ÙƒÙˆ Ø±ÙˆØ¨ÙŠÙˆØŒ Ø§Ù„Ø­Ø§Ø¦Ø· Ø§Ù„ØºØ±Ø¨ÙŠ ÙÙŠ Ø§Ù„Ø¨Ù„Ø¯Ø© Ø§Ù„Ù‚Ø¯ÙŠÙ…Ø© Ø¨Ø§Ù„Ù‚Ø¯Ø³ Ø¨Ø¹Ø¯ Ø¸Ù‡Ø± Ø§Ù„Ø£Ø­Ø¯ Ø®Ù„Ø§Ù„ Ø²ÙŠØ§Ø±ØªÙ‡ Ø¥Ù„Ù‰ Ù…Ù†Ø·Ù‚Ø© Ø§Ù„Ø´Ø±Ù‚ Ø§Ù„Ø£ÙˆØ³Ø· Ø¨Ø¹Ø¯ Ø£ÙŠØ§Ù… Ù‚Ù„ÙŠÙ„Ø© Ù…Ù† Ø§Ù„ØºØ§Ø±Ø© Ø§Ù„Ø¥Ø³Ø±Ø§Ø¦ÙŠÙ„ÙŠØ© Ø¹Ù„Ù‰ Ù‚Ø·Ø±.,Arabic,2025-09-14T14:34:02+00:00,CNN Arabic,https://arabic.cnn.com/middle-east/article/2025/09/14/rubio-visits-western-wall-during-stop-jerusalem
Most Earth-Like Planet Yet May Have Been Found Just 40 Light Years Away,"One of the worlds in the TRAPPIST-1 system, a mere 40 light-years away, just might be clad in a life-supporting atmosphere,"" reports ScienceAlert. 

""In exciting new JWST observations, the Earth-sized exoplanet TRAPPIST-1e shows hints of a gaseous envelope similar to our own, one that could facilitate liquid water on the surface.""


Although the detection is ambiguous and needs extensive follow-up to find out what the deal is, it's the closest astronomers have come yet in their quest to find a second Earth... [T]he first step is finding exoplanets that are the right distance from their host star, occupying a zone where water neither freezes under extreme cold nor evaporates under extreme heat. Announced in 2016, the discovery of the TRAPPIST-1 system was immediately exciting for this reasoâ€¦",English,2025-09-14T14:34:00+00:00,Slashdot,https://science.slashdot.org/story/25/09/13/0553219/most-earth-like-planet-yet-may-have-been-found-just-40-light-years-away?utm_source=rss1.0mainlinkanon&utm_medium=feed
"Claude now has memory, but only for certain users","Anthropic Claude introduced memory this week, but only for certain paid users.",English,2025-09-14T14:16:23+00:00,Mashable,https://mashable.com/article/anthropic-claude-ai-now-has-memory-for-some-users
"Ù†ØªÙ†ÙŠØ§Ù‡Ùˆ ÙŠØ­ØªÙÙŠ Ø¨Ù€""ÙˆØ­Ø¯Ø© Ø§Ù„ÙŠÙ…Ø§Ù…"": ""Ù„Ø§ ÙŠÙˆØ¬Ø¯ Ø£ÙØ¶Ù„ Ù…Ù†Ù‡Ø§ Ø¨Ø§Ù„Ø¹Ø§Ù„Ù…""",Ø¹Ù‚Ø¯ Ø±Ø¦ÙŠØ³ Ø§Ù„ÙˆØ²Ø±Ø§Ø¡ Ø§Ù„Ø¥Ø³Ø±Ø§Ø¦ÙŠÙ„ÙŠ Ø¨Ù†ÙŠØ§Ù…ÙŠÙ† Ù†ØªÙ†ÙŠØ§Ù‡ÙˆØŒ Ø§Ù„Ø£Ø­Ø¯ØŒ Ø§Ø¬ØªÙ…Ø§Ø¹Ø§ Ø­ÙƒÙˆÙ…ÙŠØ§ Ø®Ø§ØµØ§ ÙÙŠ Ù‚Ø§Ø¹Ø¯Ø© Ø§Ù„ÙŠÙ…Ø§Ù… Ø§Ù„Ø£Ù…Ù†ÙŠØ© Ø¨Ù…Ù†Ø§Ø³Ø¨Ø© Ù…Ø±ÙˆØ± Ø®Ù…Ø³ÙŠÙ† Ø¹Ø§Ù…Ø§ Ø¹Ù„Ù‰ ØªØ£Ø³ÙŠØ³ ÙˆØ­Ø¯Ø© Ø§Ù„ÙŠÙ…Ø§Ù… Ø§Ù„Ø®Ø§ØµØ©.,Arabic,2025-09-14T14:12:09+00:00,Sky News Arabia,https://www.skynewsarabia.com/middle-east/1820239-%D9%86%D8%AA%D9%86%D9%8A%D8%A7%D9%87%D9%88-%D9%8A%D8%AD%D8%AA%D9%81%D9%8A-%D8%A8%D9%80%D9%88%D8%AD%D8%AF%D8%A9-%D8%A7%D9%84%D9%8A%D9%85%D8%A7%D9%85-%D9%84%D8%A7-%D9%8A%D9%88%D8%AC%D8%AF-%D8%A7%D9%94%D9%81%D8%B6%D9%84-%D9%85%D9%86%D9%87%D8%A7-%D8%A8%D8%A7%D9%84%D8%B9%D8%A7%D9%84%D9%85
Ø¯Ø±Ø§Ø³Ø©: Ø£Ø·ÙØ§Ù„ ÙÙŠ Ø³Ù† Ø§Ù„Ù…Ø±Ø§Ù‡Ù‚Ø© ÙŠØ³ØªØ®Ø¯Ù…ÙˆÙ† Ù…Ù†ØªØ¬Ø§Øª Ø´Ø§Ø¦Ø¹Ø© ÙÙŠ Ø§Ù„Ù…Ù†Ø§Ø²Ù„ Ù„Ø¥ÙŠØ°Ø§Ø¡ Ø£Ù†ÙØ³Ù‡Ù…,ÙŠØ´Ù‡Ø¯ Ø§Ù„Ø£Ø·ÙØ§Ù„ Ø§Ù„Ø°ÙŠÙ† ØªØªØ±Ø§ÙˆØ­ Ø£Ø¹Ù…Ø§Ø±Ù‡Ù… Ø¨ÙŠÙ† 6 Ùˆ12 Ø¹Ø§Ù…Ù‹Ø§ Ø²ÙŠØ§Ø¯Ø©Ù‹ Ù‡Ø§Ø¦Ù„Ø©Ù‹ ÙÙŠ Ø­Ø§Ù„Ø§Øª Ø¥ÙŠØ°Ø§Ø¡ Ø§Ù„Ù†ÙØ³. ÙƒÙ…Ø§ ÙŠØ³ØªØ®Ø¯Ù…ÙˆÙ† Ø£Ø¯ÙˆØ§Øª Ø´Ø§Ø¦Ø¹Ø©Ù‹ ÙÙŠ Ø§Ù„Ù…Ù†Ø²Ù„ Ù„Ù„Ù‚ÙŠØ§Ù… Ø¨Ø°Ù„ÙƒØŒ ÙˆÙÙ‚Ù‹Ø§ Ù„Ø¯Ø±Ø§Ø³Ø©Ù Ø¬Ø¯ÙŠØ¯Ø©.,Arabic,2025-09-14T14:05:02+00:00,CNN Arabic,https://arabic.cnn.com/science-and-health/article/2025/09/14/medication-preteen-self-harm-wellness
49ers vs. Saints Livestream: How to Watch NFL Week 2 Online Today,Looking for a way to watch San Francisco take on New Orleans? Here's everything you need to stream Sunday's 1 p.m. ET game on Fox.,English,2025-09-14T14:00:11+00:00,CNET,https://www.cnet.com/tech/services-and-software/49ers-vs-saints-livestream-how-to-watch-nfl-week-2-online-today/#ftag=CAD590a51e
Seahawks vs. Steelers Livestream: How to Watch NFL Week 2 Online Today,Looking for a way to watch Seattle take on Pittsburgh? Here's everything you need to stream Sunday's 1 p.m. ET game on Fox.,English,2025-09-14T14:00:10+00:00,CNET,https://www.cnet.com/tech/services-and-software/seahawks-vs-steelers-livestream-how-to-watch-nfl-week-2-online-today/#ftag=CAD590a51e
Bears vs. Lions Livestream: How to Watch NFL Week 2 Online Today,Looking for a way to watch Chicago take on Detroit? Here's everything you need to stream Sunday's 1 p.m. ET game on Fox.,English,2025-09-14T14:00:09+00:00,CNET,https://www.cnet.com/tech/services-and-software/bears-vs-lions-livestream-how-to-watch-nfl-week-2-online-today/#ftag=CAD590a51e
Giants vs. Cowboys Livestream: How to Watch NFL Week 2 Online Today,Want to watch this NFC East showdown between New York and Dallas? Here's everything you need to stream Sunday's 1 p.m. ET game on Fox.,English,2025-09-14T14:00:08+00:00,CNET,https://www.cnet.com/tech/services-and-software/giants-vs-cowboys-livestream-how-to-watch-nfl-week-2-online-today/#ftag=CAD590a51e
America can still stop the cycle of political violence,Politicians of all stripes must recognise that no one is safe from this scourge,English,2025-09-14T14:00:07+00:00,Financial Times,https://www.ft.com/content/27a7c75b-7fd5-41af-8e70-8d9f48866661
Browns vs. Ravens Livestream: How to Watch NFL Week 2 Online Today,Looking for a way to watch Cleveland play Baltimore? Here's everything you need to stream Sunday's 1 p.m. ET game on CBS.,English,2025-09-14T14:00:07+00:00,CNET,https://www.cnet.com/tech/services-and-software/browns-vs-ravens-livestream-how-to-watch-nfl-week-2-online-today/#ftag=CAD590a51e
Jaguars vs. Bengals Livestream: How to Watch NFL Week 2 Online Today,Looking for a way to watch Jacksonville play Cincinnati? Here's everything you need to stream Sunday's 1 p.m. ET game on CBS.,English,2025-09-14T14:00:07+00:00,CNET,https://www.cnet.com/tech/services-and-software/jaguars-vs-bengals-livestream-how-to-watch-nfl-week-2-online-today/#ftag=CAD590a51e
Rams vs. Titans Livestream: How to Watch NFL Week 2 Online Today,Looking for a way to watch Los Angeles play Tennessee? Here's everything you need to stream Sunday's 1 p.m. ET game on CBS.,English,2025-09-14T14:00:06+00:00,CNET,https://www.cnet.com/tech/services-and-software/rams-vs-titans-livestream-how-to-watch-nfl-week-2-online-today/#ftag=CAD590a51e
"11 Best Protein Powders, According to Years of Testing (2025)",We found the best protein powders that wonâ€™t make your shake taste like drywall.,English,2025-09-14T14:00:00+00:00,WIRED,https://www.wired.com/gallery/best-protein-powders/
Scarlet turns Shakespeare into an animated fantasy epic,"Well, I was wrong, and I did manage to make it to one last day at the Toronto International Film Festival. One of the movies I wanted to see the most this year was Scarlet, the latest from Mamoru Hosoda, whose most recent film was the metaverse fairy tale Belle. Whereas that film was a [â€¦]",English,2025-09-14T14:00:00+00:00,The Verge,https://www.theverge.com/toronto-international-film-festival/777609/tiff-2025-reviews-scarlet-project-y-sentimental-value
Ù‚Ù…Ø© Ø§Ù„Ø¯ÙˆØ­Ø© Ø§Ù„Ø§Ø³ØªØ«Ù†Ø§Ø¦ÙŠØ©: Ø±Ø³Ø§Ù„Ø© Ù‚ÙˆÙŠØ© Ù„Ù„Ø³Ù„Ø§Ù… ÙˆØ§Ù„Ø³ÙŠØ§Ø¯Ø© Ø§Ù„Ø®Ù„ÙŠØ¬ÙŠØ©,ÙˆØ³Ø· Ø£Ø¬ÙˆØ§Ø¡ Ù…ØªÙˆØªØ±Ø© Ø³ÙŠØ§Ø³ÙŠØ§Ù‹ ÙˆØ¯Ø¨Ù„ÙˆÙ…Ø§Ø³ÙŠØ§Ù‹ØŒ ØªØªØ¬Ù‡ Ø£Ù†Ø¸Ø§Ø± Ø§Ù„Ø¹Ø§Ù„Ù… Ø¥Ù„Ù‰ Ø§Ù„Ø¹Ø§ØµÙ…Ø© Ø§Ù„Ù‚Ø·Ø±ÙŠØ©ØŒ Ø­ÙŠØ« ÙŠÙØ¹Ù‚Ø¯ ØºØ¯Ù‹Ø§ (Ø§Ù„Ø§Ø«Ù†ÙŠÙ†) Ø§Ø¬ØªÙ…Ø§Ø¹ ØªØ­Ø¶ÙŠØ±ÙŠ Ù„Ù‚Ù…Ø© Ø¹Ø±Ø¨ÙŠØ© Ø¥Ø³Ù„Ø§Ù…ÙŠØ© Ø§Ø³ØªØ«Ù†Ø§Ø¦ÙŠØ©ØŒ Ù„Ù…Ù†Ø§Ù‚Ø´Ø© Ø§Ù„Ø§Ø¹ØªØ¯Ø§Ø¡ Ø§Ù„Ø¥Ø³Ø±Ø§Ø¦ÙŠÙ„ÙŠ Ø§Ù„Ø£Ø®ÙŠØ± Ø¹Ù„Ù‰ Ù‚Ø·Ø±ØŒ ÙÙŠ Ø®Ø·ÙˆØ© ØªÙ…Ø«Ù„ Ø±Ø³Ø§Ù„Ø© Ø¯Ø¹Ù… Ø³ÙŠØ§Ø³ÙŠØ© Ù‚ÙˆÙŠØ© Ù„Ù„Ø¯ÙˆØ­Ø© ÙˆØªØ£ÙƒÙŠØ¯Ù‹Ø§ Ø¹Ù„Ù‰ Ø§Ù„ØªØ¶Ø§Ù…Ù† Ø§Ù„Ø¹Ø±Ø¨ÙŠ ÙˆØ§Ù„Ø¥Ø³Ù„Ø§Ù…ÙŠ.,Arabic,2025-09-14T13:39:36+00:00,Sky News Arabia,https://www.skynewsarabia.com/middle-east/1820232-%D9%82%D9%85%D8%A9-%D8%A7%D9%84%D8%AF%D9%88%D8%AD%D8%A9-%D8%A7%D9%84%D8%A7%D8%B3%D8%AA%D8%AB%D9%86%D8%A7%D9%8A%D9%94%D9%8A%D8%A9-%D8%B1%D8%B3%D8%A7%D9%84%D8%A9-%D9%82%D9%88%D9%8A%D8%A9-%D9%84%D9%84%D8%B3%D9%84%D8%A7%D9%85-%D9%88%D8%A7%D9%84%D8%B3%D9%8A%D8%A7%D8%AF%D8%A9-%D8%A7%D9%84%D8%AE%D9%84%D9%8A%D8%AC%D9%8A%D8%A9
Ø·ÙŠØ§Ø±ÙˆÙ† ÙŠÙ‚Ø±Ù‘ÙˆÙ† Ø¨Ø£Ø®Ø°Ù‡Ù… Ù‚ÙŠÙ„ÙˆÙ„Ø© Ø£Ø«Ù†Ø§Ø¡ Ù‚ÙŠØ§Ø¯ØªÙ‡Ù… Ù„Ù„Ø·Ø§Ø¦Ø±Ø©.. ÙƒÙŠÙ Ø¹Ù„Ù‚Øª Ø§Ù„Ù…Ù†ØµØ§ØªØŸ,Ù„Ø§ ÙŠØªØµÙˆØ± ÙƒØ«ÙŠØ±ÙˆÙ† Ø£Ù† Ø§Ù„Ø·ÙŠØ§Ø± Ø§Ù„Ø°ÙŠ ÙŠÙ‚ÙˆØ¯ Ø§Ù„Ø·Ø§Ø¦Ø±Ø© Ø§Ù„ØªÙŠ ÙŠØ³Ø§ÙØ±ÙˆÙ† Ø¹Ù„Ù‰ Ù…ØªÙ†Ù‡Ø§ØŒ Ù„Ø§ ÙŠØ¸Ù„ Ù…Ø³ØªÙŠÙ‚Ø¸Ø§ Ø·ÙˆÙ„ Ø§Ù„Ø±Ø­Ù„Ø©ØŒ ÙˆØ¥Ù†Ù…Ø§ ÙŠØºÙÙˆ Ø£Ø­ÙŠØ§Ù†Ø§ ÙˆÙŠØ£Ø®Ø° Ù‚ÙŠÙ„ÙˆÙ„Ø© Ù…Ø«Ù„Ù‡ Ù…Ø«Ù„ Ø¨Ù‚ÙŠØ© Ø§Ù„Ø±ÙƒØ§Ø¨ØŒ ÙˆÙ‡Ùˆ Ù…Ø§ Ø£Ø¸Ù‡Ø±Ù‡ Ù…Ø³Ø­ Ø£Ù„Ù…Ø§Ù†ÙŠ Ø´Ù…Ù„ Ù…Ø¦Ø§Øª Ø§Ù„Ø·ÙŠØ§Ø±ÙŠÙ†.,Arabic,2025-09-14T13:32:45+00:00,Al Jazeera (AR),https://www.aljazeera.net/video/networks/2025/9/14/%d8%b7%d9%8a%d8%a7%d8%b1%d9%88%d9%86-%d9%8a%d9%82%d8%b1%d9%88%d9%86-%d8%a8%d8%a3%d8%ae%d8%b0%d9%87%d9%85-%d9%82%d9%8a%d9%84%d9%88%d9%84%d8%a9-%d8%a3%d8%ab%d9%86%d8%a7%d8%a1?traffic_source=rss
Ø­ÙƒÙ…Ø© Ø¥Ø³Ø¨Ø§Ù†ÙŠØ© ØªØ®Ø·Ù Ø§Ù„Ø£Ø¶ÙˆØ§Ø¡ ÙÙŠ Ø§Ù„Ø¯ÙˆØ±ÙŠ Ø§Ù„Ø³Ø¹ÙˆØ¯ÙŠ,"Ø®Ø·ÙØª Ø§Ù„Ø­ÙƒÙ…Ø© Ø§Ù„Ø¥Ø³Ø¨Ø§Ù†ÙŠØ© Ø¥Ù„ÙŠØ§Ù†Ø§ ÙÙŠØ±Ù†Ø§Ù†Ø¯ÙŠØ² Ø§Ù„Ø£Ù†Ø¸Ø§Ø± Ù…Ø³Ø§Ø¡ Ø§Ù„Ø³Ø¨ØªØŒ Ø¨Ø¹Ø¯ Ù…Ø´Ø§Ø±ÙƒØªÙ‡Ø§ ÙÙŠ Ø¥Ø¯Ø§Ø±Ø© Ù…Ø¨Ø§Ø±Ø§Ø© Ø§Ù„Ù‡Ù„Ø§Ù„ ÙˆØ¶ÙŠÙÙ‡ Ø§Ù„Ù‚Ø§Ø¯Ø³ÙŠØ©ØŒ Ø¶Ù…Ù† Ù…Ù†Ø§ÙØ³Ø§Øª Ø¯ÙˆØ±ÙŠ Ø±ÙˆØ´Ù† Ø§Ù„Ø³Ø¹ÙˆØ¯ÙŠ Ù„Ù„Ù…Ø­ØªØ±ÙÙŠÙ† Ù„ÙƒØ±Ø© Ø§Ù„Ù‚Ø¯Ù…ØŒ ÙˆØ§Ù„ØªÙŠ Ø§Ù†ØªÙ‡Øª Ø¨Ø§Ù„ØªØ¹Ø§Ø¯Ù„ (2-2) Ø¹Ù„Ù‰ Ù…Ù„Ø¹Ø¨ ""Ø§Ù„Ù…Ù…Ù„ÙƒØ© Ø£Ø±ÙŠÙ†Ø§"" ÙÙŠ Ø§Ù„Ø±ÙŠØ§Ø¶.",Arabic,2025-09-14T13:32:39+00:00,Sky News Arabia,https://www.skynewsarabia.com/sport/1820237-%D8%AD%D9%83%D9%85%D8%A9-%D8%A7%D9%95%D8%B3%D8%A8%D8%A7%D9%86%D9%8A%D8%A9-%D8%AA%D8%AE%D8%B7%D9%81-%D8%A7%D9%84%D8%A7%D9%94%D8%B6%D9%88%D8%A7%D8%A1-%D8%A7%D9%84%D8%AF%D9%88%D8%B1%D9%8A-%D8%A7%D9%84%D8%B3%D8%B9%D9%88%D8%AF%D9%8A
"Ø§Ù„Ù…Ø®Ø±Ø¬Ø© Ø§Ù„ØªÙˆÙ†Ø³ÙŠØ© ÙƒÙˆØ«Ø± Ø¨Ù† Ù‡Ù†ÙŠØ©.. Ù…Ù† Ø³ÙŠØ¯ÙŠ Ø¨ÙˆØ²ÙŠØ¯ Ø¥Ù„Ù‰ Ø§Ù„Ø£ÙˆØ³ÙƒØ§Ø± Ø¨Ù€""ØµÙˆØª ØºØ²Ø©""",Ù‚Ø¯Ù…Øª ÙƒÙˆØ«Ø± Ø¨Ù† Ù‡Ù†ÙŠØ© Ø­ØªÙ‰ Ø§Ù„ÙŠÙˆÙ… Ù†Ø­Ùˆ 11 ÙÙŠÙ„Ù…Ø§ Ø­ØµÙ„Øª ØºØ§Ù„Ø¨ÙŠØªÙ‡Ø§ Ø¹Ù„Ù‰ Ø¬ÙˆØ§Ø¦Ø² ÙˆØ¥Ø´Ø§Ø¯Ø© ÙÙ†ÙŠØ© Ù…Ù† Ù…Ù‡Ø±Ø¬Ø§Ù†Ø§Øª Ø¹Ø§Ù„Ù…ÙŠØ© ÙˆÙƒØ¨Ø§Ø± Ø§Ù„Ù†Ù‚Ø§Ø¯ØŒ ÙˆØ¯Ø®Ù„Øª ØªØ§Ø±ÙŠØ® Ø§Ù„ÙÙ† Ø§Ù„Ø¹Ø±Ø¨ÙŠ Ø¹Ù†Ø¯Ù…Ø§ Ø£ØµØ¨Ø­Øª Ø£ÙˆÙ„ Ø§Ù…Ø±Ø£Ø© Ø¹Ø±Ø¨ÙŠØ© Ø¹Ù„Ù‰ Ø§Ù„Ø¥Ø·Ù„Ø§Ù‚ ØªØ­ØµÙ„ Ø¹Ù„Ù‰ ØªØ±Ø´ÙŠØ­ÙŠÙ† Ù„Ù„Ø£ÙˆØ³ÙƒØ§Ø±.,Arabic,2025-09-14T13:26:07+00:00,Al Jazeera (AR),https://www.aljazeera.net/arts/2025/9/14/%d8%a7%d9%84%d9%85%d8%ae%d8%b1%d8%ac%d8%a9-%d8%a7%d9%84%d8%aa%d9%88%d9%86%d8%b3%d9%8a%d8%a9-%d9%83%d9%88%d8%ab%d8%b1-%d8%a8%d9%86-%d9%87%d9%86%d9%8a%d8%a9-%d9%85%d9%86-%d8%b3%d9%8a%d8%af%d9%8a?traffic_source=rss
"""Ù‡Ù„ Ø§Ù†ØªÙ‡Ù‰ Ø§Ù„ØªØ±Ù†Ø¯ØŸ"".. Ø§Ù„Ù…Ù†ØµØ§Øª ØªØ³ØªÙ†ÙƒØ± Ø§Ù„ØµÙ…Øª Ø§Ù„Ø¹Ø§Ù„Ù…ÙŠ Ø¹Ù† ØªØ¬ÙˆÙŠØ¹ ØºØ²Ø©",ØªÙØ§Ø¹Ù„ Ù…ØºØ±Ø¯ÙˆÙ† Ù…Ø¹ Ø§Ù„ØªØµØ±ÙŠØ­Ø§Øª Ø§Ù„Ø£Ø®ÙŠØ±Ø© Ù„Ù…ØªØ­Ø¯Ø«Ø© Ù…ÙƒØªØ¨ Ø§Ù„Ø£Ù…Ù… Ø§Ù„Ù…ØªØ­Ø¯Ø© Ù„ØªÙ†Ø³ÙŠÙ‚ Ø§Ù„Ø´Ø¤ÙˆÙ† Ø§Ù„Ø¥Ù†Ø³Ø§Ù†ÙŠØ© (Ø£ÙˆØªØ´Ø§)ØŒ Ø£ÙˆÙ„ØºØ§ ØªØ´ÙŠØ±ÙŠÙÙƒÙˆ Ø­ÙˆÙ„ Ø§Ù„ØªØ¬ÙˆÙŠØ¹ ÙÙŠ Ù‚Ø·Ø§Ø¹ ØºØ²Ø©ØŒ Ø­ÙŠØ« Ù‚Ø§Ù„Øª Ø¥Ù† Ø§Ù„Ø³ÙƒØ§Ù† ÙŠØ³Ø¹ÙˆÙ† Ù„Ù„Ø­ØµÙˆÙ„ Ø¹Ù„Ù‰ Ø­Ù‚Ù‡Ù… ÙÙŠ Ø§Ù„Ø¹ÙŠØ´ Ø¨Ø£Ù…Ø§Ù† ÙˆÙƒØ±Ø§Ù…Ø©.,Arabic,2025-09-14T13:24:58+00:00,Al Jazeera (AR),https://www.aljazeera.net/video/networks/2025/9/14/%d9%87%d9%84-%d8%a7%d9%86%d8%aa%d9%87%d9%89-%d8%a7%d9%84%d8%aa%d8%b1%d9%86%d8%af-%d8%a7%d9%84%d9%85%d9%86%d8%b5%d8%a7%d8%aa-%d8%aa%d8%b3%d8%aa%d9%86%d9%83%d8%b1?traffic_source=rss
"Ù†ØªØ§Ù†ÙŠØ§Ù‡Ùˆ: Ø²ÙŠØ§Ø±Ø© Ø±ÙˆØ¨ÙŠÙˆ ØªØ¸Ù‡Ø± ""Ù‚ÙˆØ© Ø§Ù„ØªØ­Ø§Ù„Ù Ø§Ù„Ø¥Ø³Ø±Ø§Ø¦ÙŠÙ„ÙŠ Ø§Ù„Ø£Ù…ÙŠØ±ÙƒÙŠ""","Ù‚Ø§Ù„ Ø±Ø¦ÙŠØ³ Ø§Ù„ÙˆØ²Ø±Ø§Ø¡ Ø§Ù„Ø¥Ø³Ø±Ø§Ø¦ÙŠÙ„ÙŠ Ø¨Ù†ÙŠØ§Ù…ÙŠÙ† Ù†ØªØ§Ù†ÙŠØ§Ù‡ÙˆØŒ Ø§Ù„Ø£Ø­Ø¯ØŒ Ø¥Ù† Ø²ÙŠØ§Ø±Ø© ÙˆØ²ÙŠØ± Ø§Ù„Ø®Ø§Ø±Ø¬ÙŠØ© Ø§Ù„Ø£Ù…ÙŠØ±ÙƒÙŠ Ù…Ø§Ø±ÙƒÙˆ Ø±ÙˆØ¨ÙŠÙˆ Ø¸Ù‡Ø± ""Ù‚ÙˆØ©"" Ø§Ù„Ø±ÙˆØ§Ø¨Ø· Ø¨ÙŠÙ† Ø§Ù„Ø¨Ù„Ø¯ÙŠÙ†. Ù…Ø¹ØªØ¨Ø±Ø§ Ø£Ù† ""Ø§Ù„ØªØ­Ø§Ù„Ù Ø¨ÙŠÙ† Ø¥Ø³Ø±Ø§Ø¦ÙŠÙ„ ÙˆØ§Ù„ÙˆÙ„Ø§ÙŠØ§Øª Ø§Ù„Ù…ØªØ­Ø¯Ø© Ø§Ù„Ø¢Ù† Ø£Ù‚ÙˆÙ‰ Ù…Ù† Ø£ÙŠ ÙˆÙ‚Øª Ù…Ø¶Ù‰"".",Arabic,2025-09-14T13:24:28+00:00,Sky News Arabia,https://www.skynewsarabia.com/world/1820234-%D9%86%D8%AA%D8%A7%D9%86%D9%8A%D8%A7%D9%87%D9%88-%D8%B2%D9%8A%D8%A7%D8%B1%D8%A9-%D8%B1%D9%88%D8%A8%D9%8A%D9%88-%D8%AA%D8%B8%D9%87%D8%B1-%D9%82%D9%88%D8%A9-%D8%A7%D9%84%D8%AA%D8%AD%D8%A7%D9%84%D9%81-%D8%A7%D9%84%D8%A7%D9%95%D8%B3%D8%B1%D8%A7%D9%8A%D9%94%D9%8A%D9%84%D9%8A-%D8%A7%D9%84%D8%A7%D9%94%D9%85%D9%8A%D8%B1%D9%83%D9%8A
Ù‚Ø±Ø§ØµÙ†Ø© Ø£ØªØ±Ø§Ùƒ ÙŠÙ†Ø¬Ø­ÙˆÙ† ÙÙŠ Ø§Ù„Ø¥ÙŠÙ‚Ø§Ø¹ Ø¨ÙˆØ²ÙŠØ± Ø§Ù„Ø¯ÙØ§Ø¹ Ø§Ù„Ø¥Ø³Ø±Ø§Ø¦ÙŠÙ„ÙŠ ÙˆØ§Ù„Ù…Ù†ØµØ§Øª ØªØ­ØªÙÙŠ,Ø±ØºÙ… Ø£Ù† Ø§Ù„ØªÙ‚Ø§Ø±ÙŠØ± ØªØ´ÙŠØ± Ø¥Ù„Ù‰ Ø£Ù† Ø¥Ø³Ø±Ø§Ø¦ÙŠÙ„ ØªØªØµØ¯Ø± Ø§Ù„Ù…Ø´Ù‡Ø¯ Ø§Ù„Ø¹Ø§Ù„Ù…ÙŠ ÙÙŠ Ù…Ø¬Ø§Ù„ Ø§Ù„Ø£Ù…Ù† Ø§Ù„Ø³ÙŠØ¨Ø±Ø§Ù†ÙŠ ÙˆÙ„Ø§ ÙŠÙ†Ø§Ø²Ø¹ÙÙ‡Ø§ ÙÙŠ Ø°Ù„Ùƒ Ø³ÙˆÙ‰ Ø§Ù„ÙˆÙ„Ø§ÙŠØ§Øª Ø§Ù„Ù…ØªØ­Ø¯Ø©ØŒ ÙˆÙÙ‚Ø§ Ù„Ù…Ù†Ø¸Ù…Ø© Ø£Ù…ÙŠØ±ÙƒÙŠØ© ØºÙŠØ± Ø­ÙƒÙˆÙ…ÙŠØ©ØŒ ÙØ¥Ù† ÙˆØ²ÙŠØ± Ø¯ÙØ§Ø¹Ù‡Ø§ ÙˆÙ‚Ø¹ Ø¨ÙØ® Ù†ØµØ¨Ù‡ Ù„Ù‡ Ø£ØªØ±Ø§Ùƒ.,Arabic,2025-09-14T13:23:45+00:00,Al Jazeera (AR),https://www.aljazeera.net/video/networks/2025/9/14/%d9%82%d8%b1%d8%a7%d8%b5%d9%86%d8%a9-%d8%a3%d8%aa%d8%b1%d8%a7%d9%83-%d9%8a%d9%86%d8%ac%d8%ad%d9%88%d9%86-%d9%81%d9%8a-%d8%a7%d9%84%d8%a5%d9%8a%d9%82%d8%a7%d8%b9-%d8%a8%d9%88%d8%b2%d9%8a%d8%b1?traffic_source=rss
Ø±Ø³ÙˆÙ… Ù…Ø±ØªÙØ¹Ø© ÙˆÙ…Ø³ØªÙ‚Ø¨Ù„ ØºØ§Ù…Ø¶.. Ù„Ù…Ø§Ø°Ø§ ÙŠØ¹Ø²Ù Ø§Ù„Ø·Ù„Ø§Ø¨ Ø¹Ù† Ø§Ù„Ø§Ù„ØªØ­Ø§Ù‚ Ø¨Ø§Ù„Ø¬Ø§Ù…Ø¹Ø§Øª Ø§Ù„Ø³ÙˆØ¯Ø§Ù†ÙŠØ©ØŸ,Ø¹ÙƒØ³Øª Ù†ØªÙŠØ¬Ø© Ø§Ù„Ù‚Ø¨ÙˆÙ„ Ù„Ù„Ø¬Ø§Ù…Ø¹Ø§Øª Ø§Ù„Ø³ÙˆØ¯Ø§Ù†ÙŠØ© Ù„Ø£ÙˆÙ„ Ø¯ÙØ¹Ø© ØªÙ‚Ø¯Ù‘Ù… Ø§Ù…ØªØ­Ø§Ù†Ø§Øª Ø§Ù„Ø´Ù‡Ø§Ø¯Ø© Ø§Ù„Ø«Ø§Ù†ÙˆÙŠØ© Ø¨Ø¹Ø¯ Ø§Ù„Ø­Ø±Ø¨ Ø§Ù„Ù…Ø³ØªÙ…Ø±Ø© Ù…Ù†Ø° Ù†Ø­Ùˆ 29 Ø´Ù‡Ø±Ø§ØŒ ØªØ¯Ø§Ø¹ÙŠØ§Øª Ø§Ù„Ø£Ø²Ù…Ø© Ø¹Ù„Ù‰ Ù…Ø¤Ø³Ø³Ø§Øª Ø§Ù„ØªØ¹Ù„ÙŠÙ… Ø§Ù„Ø¹Ø§Ù„ÙŠ ÙÙŠ Ø§Ù„Ø¨Ù„Ø§Ø¯ ÙˆØ¹Ø²ÙˆÙ Ø§Ù„Ø·Ù„Ø§Ø¨ Ø¹Ù† Ø§Ù„Ø¯Ø±Ø§Ø³Ø©.,Arabic,2025-09-14T13:03:49+00:00,Al Jazeera (AR),https://www.aljazeera.net/lifestyle/2025/9/14/%d8%b1%d8%b3%d9%88%d9%85-%d9%85%d8%b1%d8%aa%d9%81%d8%b9%d8%a9-%d9%88%d9%85%d8%b3%d8%aa%d9%82%d8%a8%d9%84-%d8%ba%d8%a7%d9%85%d8%b6-%d9%84%d9%85%d8%a7%d8%b0%d8%a7-%d9%8a%d8%b9%d8%b2%d9%81?traffic_source=rss
"A tiny dog takes a big walk in 'Hello, Tobi!'","Author and illustrator Andrea CÃ¡ceres has changed careers, moved countries and built a new home â€” all alongside her 15-year-old pup, Tobi. Now, he's the main character of her new children's book, Hello, Tobi! , which celebrates their walks in the park.",English,2025-09-14T13:03:06+00:00,NPR,https://www.npr.org/2025/09/14/nx-s1-5366853/a-tiny-dog-takes-a-big-walk-in-hello-tobi
Hypershell Pro X Series Review: An Exoskeleton You Can Actually Buy,"This wearable power-up gives your legs a boost up hills, and unlike the competition, you can actually buy it, but weâ€™re not totally sure you should.",English,2025-09-14T13:00:00+00:00,WIRED,https://www.wired.com/review/hypershell-pro-x-series-review/
"In Silksong, spite is my motivation to keep playing","I would not call the time I'm having with Hollow Knight: Silksong ""fun,"" and yet I'm still playing. In the depths of The Marrow, the second major area of Silksong, there's a particularly nasty midboss. I eventually beat him, but my reward wasn't a new ability, item, or a bench where I could rest and [â€¦]",English,2025-09-14T13:00:00+00:00,The Verge,https://www.theverge.com/games/777653/silksong-impressions-team-cherry-metroidvania-sherma-is-cool
Ø§Ù„Ø³ÙˆØ¯Ø§Ù†.. Ù‡Ø¬ÙˆÙ… Ø¨Ø§Ù„Ù…Ø³ÙŠØ±Ø§Øª ÙŠØ³ØªÙ‡Ø¯Ù‚ Ù…ÙˆØ§Ù‚Ø¹ Ø§Ø³ØªØ±Ø§ØªØ¬ÙŠÙŠØ© ÙÙŠ ÙƒÙˆØ³ØªÙŠ,Ø£Ø¹Ù„Ù† Ù…Ø¬Ù„Ø³ Ø§Ù„Ø³ÙŠØ§Ø¯Ø© ÙÙŠ Ø§Ù„Ø³ÙˆØ¯Ø§Ù† Ø£Ù† Ù‚ÙˆØ§Øª Ø§Ù„Ø¯Ø¹Ù… Ø§Ù„Ø³Ø±ÙŠØ¹ Ø´Ù†ØªØŒ ÙØ¬Ø± Ø§Ù„Ø£Ø­Ø¯ØŒ Ù‡Ø¬Ù…Ø§Øª Ø¨Ø·Ø§Ø¦Ø±Ø§Øª Ù…Ø³ÙŠÙ‘Ø±Ø© Ø§Ù†ØªØ­Ø§Ø±ÙŠØ© Ø§Ø³ØªÙ‡Ø¯ÙØª Ù…Ù†Ø´Ø¢Øª Ø­ÙŠÙˆÙŠØ© ÙÙŠ ÙˆÙ„Ø§ÙŠØ© Ø§Ù„Ù†ÙŠÙ„ Ø§Ù„Ø£Ø¨ÙŠØ¶ØŒ Ø¨ÙŠÙ†Ù‡Ø§ Ù…Ø­Ø·Ø© Ø£Ù… Ø¯Ø¨Ø§ÙƒØ± Ù„ØªÙˆÙ„ÙŠØ¯ Ø§Ù„ÙƒÙ‡Ø±Ø¨Ø§Ø¡ØŒ ÙˆÙ…Ø³ØªÙˆØ¯Ø¹Ø§Øª Ø§Ù„ÙˆÙ‚ÙˆØ¯ØŒ ÙˆÙ…Ø·Ø§Ø± ÙƒÙ†Ø§Ù†Ø© Ø§Ù„Ù…Ø¯Ù†ÙŠ.,Arabic,2025-09-14T12:58:15+00:00,Sky News Arabia,https://www.skynewsarabia.com/middle-east/1820220-%D8%A7%D9%84%D8%B3%D9%88%D8%AF%D8%A7%D9%86-%D9%87%D8%AC%D9%88%D9%85-%D8%A8%D8%A7%D9%84%D9%85%D8%B3%D9%8A%D8%B1%D8%A7%D8%AA-%D9%8A%D8%B3%D8%AA%D9%87%D8%AF%D9%82-%D9%85%D9%88%D8%A7%D9%82%D8%B9-%D8%A7%D8%B3%D8%AA%D8%B1%D8%A7%D8%AA%D8%AC%D9%8A%D9%8A%D8%A9-%D9%83%D9%88%D8%B3%D8%AA%D9%8A
ØªÙˆÙ†Ø³.. Ù‡Ù„ ÙŠÙ†Ø¬Ø­ Ø¹Ù…ÙŠØ¯ Ø§Ù„Ù…Ø­Ø§Ù…ÙŠÙ† Ø§Ù„Ø¬Ø¯ÙŠØ¯ Ø¨Ù…Ù‚Ø§Ø±Ø¹Ø© Ø§Ù„Ø³Ù„Ø·Ø© ÙˆØªØ¹Ø¯ÙŠÙ„ Ù…Ø³Ø§Ø± Ø§Ù„Ø­Ø±ÙŠØ§ØªØŸ,ÙŠÙØªØ­ Ø§Ù†ØªØ®Ø§Ø¨ Ø¨ÙˆØ¨ÙƒØ± Ø¨Ø§Ù„Ø«Ø§Ø¨Øª Ø¹Ù…ÙŠØ¯Ø§ Ø¬Ø¯ÙŠØ¯Ø§ Ù„Ù„Ù…Ø­Ø§Ù…ÙŠÙ† ÙÙŠ ØªÙˆÙ†Ø³ØŒ Ø¨Ø§Ø¨ Ø§Ù„Ø£Ù…Ù„ Ù„Ø¯Ù‰ Ø§Ù„Ù…Ø­Ø§Ù…ÙŠÙ† Ø§Ù„ØªÙˆÙ†Ø³ÙŠÙŠÙ† Ø¨Ø§Ø³ØªØ¹Ø§Ø¯Ø© Ø¯ÙˆØ± Ø§Ù„Ù‡ÙŠØ¦Ø© ÙÙŠ Ø§Ù„Ø¯ÙØ§Ø¹ Ø¹Ù† Ø§Ù„Ø­Ø±ÙŠØ§ØªØŒ ÙˆØ³Ø· Ø§Ù†ØªÙ‚Ø§Ø¯Ø§Øª Ù„Ø£Ø¯Ø§Ø¡ Ø§Ù„Ù‡ÙŠØ¦Ø© Ø§Ù„Ø³Ø§Ø¨Ù‚Ø© Ø§Ù„Ù…ØªÙ‡Ù…Ø© Ø¨Ø§Ù„Ø§Ù†Ø­ÙŠØ§Ø² Ù„Ù„Ø³Ù„Ø·Ø©.,Arabic,2025-09-14T12:56:40+00:00,Al Jazeera (AR),https://www.aljazeera.net/politics/2025/9/14/%d8%aa%d9%88%d9%86%d8%b3-%d9%87%d9%84-%d9%8a%d9%86%d8%ac%d8%ad-%d8%b9%d9%85%d9%8a%d8%af-%d8%a7%d9%84%d9%85%d8%ad%d8%a7%d9%85%d9%8a%d9%86-%d8%a7%d9%84%d8%ac%d8%af%d9%8a%d8%af?traffic_source=rss
RFK Jr.'s MAHA report on children's health leaves something out: nicotine,"The Trump administration's document about children's health and chronic disease doesn't mention the word ""nicotine"" once. Tobacco remains the top cause of preventable death in the U.S.",English,2025-09-14T12:53:35+00:00,NPR,https://www.npr.org/2025/09/14/nx-s1-5536979/maha-children-chronic-disease-nicotine-smoking-vaping
"Ø£ÙˆÙ„ ØªØ¹Ù„ÙŠÙ‚ Ù…Ù† Ø±ÙˆØ¯ÙŠØºØ± Ø¨Ø¹Ø¯ ØªØ¹Ø±Ø¶Ù‡ Ù„Ø¥ØµØ§Ø¨Ø© ""Ù‚ÙˆÙŠØ©"".. ÙƒÙ… Ø³ÙŠØºÙŠØ¨ Ø¹Ù† Ø§Ù„Ù…Ù„Ø§Ø¹Ø¨ØŸ",ÙŠØ¹Ø§Ù†ÙŠ Ø£Ù†Ø·ÙˆÙ†ÙŠÙˆ Ø±ÙˆØ¯ÙŠØºØ±ØŒ Ù…Ø¯Ø§ÙØ¹ Ù†Ø§Ø¯ÙŠ Ø±ÙŠØ§Ù„ Ù…Ø¯Ø±ÙŠØ¯ Ø§Ù„Ø¥Ø³Ø¨Ø§Ù†ÙŠØŒ Ù…Ù† Ø¥ØµØ§Ø¨Ø© ÙÙŠ Ø§Ù„Ø¹Ø¶Ù„Ø© Ø§Ù„Ù…Ø³ØªÙ‚ÙŠÙ…Ø© Ø§Ù„ÙØ®Ø°ÙŠØ© ÙÙŠ Ø³Ø§Ù‚Ù‡ Ø§Ù„ÙŠØ³Ø±Ù‰.,Arabic,2025-09-14T12:53:01+00:00,CNN Arabic,https://arabic.cnn.com/sport/article/2025/09/14/antonio-rudiger-real-madrid
ÙØªØ­ ØªØ­Ù‚ÙŠÙ‚ ÙÙŠ ÙØ±Ù†Ø³Ø§ Ø¨Ø­Ù‚ Ù…ÙŠÙ‚Ø§ØªÙŠ Ø¨ØªÙ‡Ù…Ø© Ø§Ù„Ø¥Ø«Ø±Ø§Ø¡ ØºÙŠØ± Ø§Ù„Ù…Ø´Ø±ÙˆØ¹,"Ø£ÙƒØ¯ Ù…Ø­Ø§Ù…Ùˆ Ø¬Ù…Ø¹ÙŠØªÙŠÙ† ØªØªÙ‡Ù…Ø§Ù† Ø±Ø¦ÙŠØ³ Ø§Ù„ÙˆØ²Ø±Ø§Ø¡ Ø§Ù„Ù„Ø¨Ù†Ø§Ù†ÙŠ Ø§Ù„Ø³Ø§Ø¨Ù‚ Ù†Ø¬ÙŠØ¨ Ù…ÙŠÙ‚Ø§ØªÙŠ Ø¨Ø¬Ù…Ø¹ Ø«Ø±ÙˆØ§Øª Ø¨ØµÙˆØ±Ø© Ø§Ø­ØªÙŠØ§Ù„ÙŠØ© Ø£Ù† Ø§Ù„Ù…Ø¯Ø¹ÙŠ Ø§Ù„Ø¹Ø§Ù… Ø§Ù„Ù…Ø§Ù„ÙŠ Ø§Ù„ÙˆØ·Ù†ÙŠ ÙÙŠ Ø¨Ø§Ø±ÙŠØ³ ÙØªØ­ ØªØ­Ù‚ÙŠÙ‚Ø§ Ø¨Ø´Ø£Ù† Ø§Ù„Ø£ØµÙˆÙ„ Ø§Ù„ØªÙŠ ÙŠØ´ØªØ¨Ù‡ Ø¨Ø£Ù†Ù‡Ø§ ""Ù…ÙƒØªØ³Ø¨Ø© Ø¨Ø·Ø±ÙŠÙ‚Ø© ØºÙŠØ± Ù…Ø´Ø±ÙˆØ¹Ø©"".",Arabic,2025-09-14T12:50:35+00:00,Al Jazeera (AR),https://www.aljazeera.net/news/2025/9/14/%d9%81%d8%aa%d8%ad-%d8%aa%d8%ad%d9%82%d9%8a%d9%82-%d9%81%d9%8a-%d9%81%d8%b1%d9%86%d8%b3%d8%a7-%d8%a8%d8%ad%d9%82-%d9%85%d9%8a%d9%82%d8%a7%d8%aa%d9%8a-%d8%a8%d8%aa%d9%87%d9%85%d8%a9?traffic_source=rss
Ø§Ù‚ØªØ­Ø§Ù…Ø§Øª ÙˆØ§Ø¹ØªÙ‚Ø§Ù„Ø§Øª ÙÙŠ Ø£Ø±Ø¬Ø§Ø¡ Ø§Ù„Ø¶ÙØ© ÙˆØ®Ø·Ø© Ø¥Ø³Ø±Ø§Ø¦ÙŠÙ„ÙŠØ© Ù„ØªÙˆØ³ÙŠØ¹ Ø§Ù„Ø§Ø³ØªÙŠØ·Ø§Ù†,Ø§Ù‚ØªØ­Ù…Øª Ù‚ÙˆØ§Øª Ø§Ù„Ø§Ø­ØªÙ„Ø§Ù„ Ø§Ù„Ø¥Ø³Ø±Ø§Ø¦ÙŠÙ„ÙŠ Ù…Ø®ÙŠÙ… Ø§Ù„Ø£Ù…Ø¹Ø±ÙŠ ÙÙŠ Ù…Ø­Ø§ÙØ¸Ø© Ø±Ø§Ù… Ø§Ù„Ù„Ù‡ ÙˆØ§Ù„Ø¨ÙŠØ±Ø© ÙˆØ³Ø· Ø§Ù„Ø¶ÙØ© Ø§Ù„ØºØ±Ø¨ÙŠØ© Ø§Ù„Ù…Ø­ØªÙ„Ø© ÙƒÙ…Ø§ Ø­Ø§ØµØ±Øª Ù…Ù†Ø²Ù„ Ø´Ù‡ÙŠØ¯ ÙÙŠ Ø¨Ø±ÙˆÙ‚ÙŠÙ† Ø´Ù…Ø§Ù„ÙŠ Ø§Ù„Ø¶ÙØ© ØªÙ…Ù‡ÙŠØ¯Ø§ Ù„Ù‡Ø¯Ù…Ø©.,Arabic,2025-09-14T12:50:30+00:00,Al Jazeera (AR),https://www.aljazeera.net/news/2025/9/14/%d8%a7%d9%84%d8%a7%d8%ad%d8%aa%d9%84%d8%a7%d9%84-%d9%8a%d9%82%d8%aa%d8%ad%d9%85-%d9%85%d8%af%d9%8a%d9%86%d8%a9-%d8%a7%d9%84%d8%a8%d9%8a%d8%b1%d8%a9-%d9%88%d9%8a%d8%ad%d8%a7%d8%b5%d8%b1?traffic_source=rss
"ÙÙŠ Ù…Ù‚Ù‡Ù‰ ""Ø£ÙˆÙƒØªØ§Ù†"" Ø§Ù„Ø£Ù…Ø±ÙŠÙƒÙŠ.. Ø±ÙˆØ¨ÙˆØªØ§Øª ØªÙØ¹Ø¯ ÙˆØªÙÙ‚Ø¯Ù‘Ù… Ù„Ùƒ Ø§Ù„Ù‚Ù‡ÙˆØ©","Ø¹Ù†Ø¯ Ø§Ù„ØªÙˆÙ‚Ù Ø£Ù…Ø§Ù… Ø§Ù„ÙˆØ§Ø¬Ù‡Ø© Ø§Ù„Ø¨Ø³ÙŠØ·Ø© Ù„Ù€ ""Octane Coffee"" ÙÙŠ Ù…Ø¯ÙŠÙ†Ø© Ø¨Ø±ÙˆÙƒÙÙŠÙ„Ø¯ØŒ Ù„Ù† ØªØ¬Ø¯ Ø¨Ø§Ø±ÙŠØ³ØªØ§ØŒ Ø£Ùˆ Ø¯ÙˆØ±Ø§Øª Ù…ÙŠØ§Ù‡ØŒ Ø£Ùˆ Ø­ØªÙ‰ Ø¨Ø§Ø±Ù‹Ø§. Ù„ÙƒÙ† Ø§Ù†Ø¸Ø± Ø¥Ù„Ù‰ Ø§Ù„Ø¯Ø§Ø®Ù„ØŒ ÙˆØ³ØªØ¬Ø¯ Ø§Ù„Ù…Ø³ØªÙ‚Ø¨Ù„. Ø±ÙˆØ¨ÙˆØªØ§Øª ØªÙ‡ØªÙ… Ø¨ÙƒÙ„ Ø·Ù„Ø¨ØŒ Ù…Ù† Ø§Ù„Ø¥Ø³Ø¨Ø±ÙŠØ³Ùˆ Ø§Ù„Ø·Ø§Ø²Ø¬ Ø¥Ù„Ù‰ Ø§Ù„Ø´Ø§ÙŠ ÙˆÙ…Ø´Ø±ÙˆØ¨Ø§Øª Ø§Ù„Ø·Ø§Ù‚Ø©.",Arabic,2025-09-14T12:42:03+00:00,CNN Arabic,https://arabic.cnn.com/travel/video/2025/09/14/v180656-coffee-shop-robots
Razer BlackShark V3 Pro Review: High-End Gaming Audio,"This pro-level gaming headset is also great for casual gamers, if youâ€™re willing to spend $250.",English,2025-09-14T12:33:00+00:00,WIRED,https://www.wired.com/review/razer-blackshark-v3-pro/
Sunday Puzzle: Geographical people,"NPR's Ayesha Rascoe plays the puzzle with WLRN listener Christopher Hoffman, of Wellington, Florida, along with Weekend Edition Puzzle Master Will Shortz.",English,2025-09-14T12:10:35+00:00,NPR,https://www.npr.org/2025/09/14/nx-s1-5533149/sunday-puzzle-geographical-people
"How to Switch to Google Fi (2025): Plans, Tips, and Advice","Hereâ€™s everything you need to know about switching from Verizon, T-Mobile, or AT&T to the search giantâ€™s cell service.",English,2025-09-14T12:00:00+00:00,WIRED,https://www.wired.com/story/how-to-switch-to-google-fi/
The iPhone to get this year,"Hi, friends! Welcome to Installer No. 97, your guide to the best and Verge-iest stuff in the world. (If you're new here, welcome, hope you're having a good iPhone / back to school / it's-finally-not-hot-anymore week, and also you can read all the old editions at the Installer homepage.) It's so good to be back! [â€¦]",English,2025-09-14T12:00:00+00:00,The Verge,https://www.theverge.com/installer-newsletter/777346/best-iphone-17-airpods-jeopardy-installer
"Phone batteries are getting more compact, but the US is missing out","This is The Stepback, a weekly newsletter breaking down one essential story from the tech world. For more on phones and other tech outside the US, follow Dominic Preston. The Stepback arrives in our subscribers' inboxes at 8AM ET. Opt in for The Stepback here. How it started Smartphone batteries are bigger than ever, while [â€¦]",English,2025-09-14T12:00:00+00:00,The Verge,https://www.theverge.com/the-stepback-newsletter/776517/silicon-carbon-batteries-phones
"The Best Mushroom Coffee, WIRED Tested and Reviewed (2025)",â€œCoffeeâ€ made with functional mushrooms like lionâ€™s mane and chaga is all the rage. We tried the most popular brands to find which were the most palatable.,English,2025-09-14T11:35:00+00:00,WIRED,https://www.wired.com/gallery/best-mushroom-coffee/
Facebook Begins Sending Settlement Payments from Cambridge Analytica Scandal Soon,"""Facebook users who filed a claim in parent company Meta's $725 million settlement related to the Cambridge Analytica scandal may soon get a payment,"" reports CNN, since ""on August 27, the court ordered that settlement benefits be distributed.""


It's been over two years since Facebook users were able to file claims in Meta's December 2022 settlement. The class-action lawsuit began after the social media giant said in 2018 that as many as 87 million Facebook users' private information was obtained by data analytics firm Cambridge Analytica... 

Meta was accused of allowing Cambridge Analytica and other third parties, including developers, advertisers and data brokers, to access private information about Facebook users. The social media giant was also accused of insufficiently managing thirâ€¦",English,2025-09-14T11:34:00+00:00,Slashdot,https://tech.slashdot.org/story/25/09/14/031203/facebook-begins-sending-settlement-payments-from-cambridge-analytica-scandal-soon?utm_source=rss1.0mainlinkanon&utm_medium=feed
Whatever happened to .... the 12-year-old Ukrainian girl in need of a heart transplant?,"During a Russian attack, a medical team drove to extract the heart of a young girl who'd just died and bring it to their hospital, where a 12-year-old was in desperate need of a transplant.",English,2025-09-14T11:23:03+00:00,NPR,https://www.npr.org/sections/goats-and-soda/2025/09/14/g-s1-87246/ukraine-heart-transplant-war-russia
"NYT Connections Sports Edition today: Hints and answers for September 14, 2025",Connections: Sports Edition is a New York Times word game about finding common sports threads between words. How to solve the puzzle.,English,2025-09-14T11:11:14+00:00,Mashable,https://mashable.com/article/nyt-connections-sports-edition-hint-answer-today-september-14-2025
Brookfield in talks to buy US landlord from Singaporeâ€™s GIC in $10bn deal,Purchase of Yes! Communities would be one of sectorâ€™s largest takeovers since 2022,English,2025-09-14T11:00:07+00:00,Financial Times,https://www.ft.com/content/a9c71911-874f-4af5-9179-df9a3f7e32f0
The west is buried under red tape,"A regulatory ratchet is smothering business, households and government",English,2025-09-14T11:00:07+00:00,Financial Times,https://www.ft.com/content/484d8c2a-b61d-42f1-9d57-5d2d8c83c6d3
The Quest to Find the Longest-Running Simple Computer Program,"The Busy Beaver Challenge, a notoriously difficult question in theoretical computer science, is now producing answers so large they're impossible to write out using standard mathematical notation.",English,2025-09-14T11:00:00+00:00,WIRED,https://www.wired.com/story/the-quest-to-find-the-longest-running-simple-computer-program/
Obsessing about being a good person can backfire. Thereâ€™s a better way.,"Your Mileage May VaryÂ is an advice column offering you a unique framework for thinking through your moral dilemmas. Itâ€™s based onÂ value pluralismÂ â€” the idea that each of us has multiple values that are equally valid but that often conflict with each other.Â To submit a question, fill out thisÂ anonymous form. Hereâ€™s this weekâ€™s question from a [â€¦]",English,2025-09-14T11:00:00+00:00,Vox,https://www.vox.com/future-perfect/461208/moral-scrupulosity-religious-obsession-being-good
"Wordle today: Answer, hints for September 14, 2025","Here's the answer for ""Wordle"" #1548 on September 14 as well as a few hints, tips, and clues to help you solve it yourself.",English,2025-09-14T10:53:29+00:00,Mashable,https://mashable.com/article/wordle-today-answer-september-14-2025
"NYT Strands hints, answers for September 14, 2025",The NYT Strands hints and answers you need to make the most of your puzzling experience.,English,2025-09-14T10:53:21+00:00,Mashable,https://mashable.com/article/strands-nyt-hint-september-14-2025
"NYT Connections hints today: Clues, answers for September 14, 2025","Connections is a New York Times word game that's all about finding the ""common threads between words."" How to solve the puzzle.",English,2025-09-14T10:53:16+00:00,Mashable,https://mashable.com/article/nyt-connections-hint-answer-today-september-14-2025
"NYT Mini crossword answers, hints for September 14, 2025","Answers to each clue for the September 14, 2025 edition of NYT's The Mini crossword puzzle.",English,2025-09-14T10:49:11+00:00,Mashable,https://mashable.com/article/nyt-mini-crossword-answers-hints-september-14-2025
"Plant Care Tips for the Winter, According to Experts (2025)","Expert plant care tips for keeping your houseplants unbothered, moisturized, and happy.",English,2025-09-14T10:39:00+00:00,WIRED,https://www.wired.com/story/how-to-keep-plants-alive-in-winter/
"If youre not using these features, youre wasting your flagship headphones",Headphones have features to make them sound better and work more smoothly. Here are seven features you should try out.,English,2025-09-14T10:30:00+00:00,Mashable,https://mashable.com/article/headphones-features-you-should-use
"From  'Orwell 2+2=5â€™ to 'Frankensteinâ€™: TIFF's Films on Power, Creation, and Survival Are a Warning",These are WIREDâ€™s picks for some of the most urgent and unsettling films from the 50th annual Toronto International Film Festival.,English,2025-09-14T10:30:00+00:00,WIRED,https://www.wired.com/story/from-orwell-225-to-frankenstein-tiffs-films-on-power-creation-and-survival-are-a-warning/
Rubio arrives in Israel as Israeli strikes intensify in northern Gaza,"U.S. Secretary of State Marco Rubio arrived in Israel on Sunday, as Israel intensified its attacks against northern Gaza.",English,2025-09-14T10:05:14+00:00,NPR,https://www.npr.org/2025/09/14/nx-s1-5541260/rubio-israel-gaza-qatar-strike
Larry Ellisonâ€™s heir takes aim at Warner Bros and at reshaping Hollywood,Skydance founder prepares bid just weeks after closing Paramount acquisition,English,2025-09-14T10:00:06+00:00,Financial Times,https://www.ft.com/content/42663492-cebb-4f62-b932-c0c21c02fae4
"After Missouri, what state is next? A redistricting race started by Trump continues",First Trump got Texas to redistrict to help Republicans win five House seats there . California Democrats are trying to counter that. Now Missouri lawmakers move to help the GOP win another seat.,English,2025-09-14T10:00:00+00:00,NPR,https://www.npr.org/2025/09/14/nx-s1-5538407/after-missouri-what-state-is-next-a-redistricting-race-started-by-trump-continues
"Trump is making a state visit to the U.K., the homeland of his immigrant mother",President Trump's U.K. state visit this week won't include the Scottish island where his late immigrant mother was born. Mary Anne MacLeod was a Gaelic speaker who learned English as a second language.,English,2025-09-14T09:03:00+00:00,NPR,https://www.npr.org/2025/09/14/nx-s1-5496445/trump-uk-state-visit-mother-scotland-outer-hebrides
How to watch Chiefs vs. Eagles online for free,How to watch NFL for free. Watch Chiefs vs. Eagles in the NFL 2025 for free from anywhere in the world.,English,2025-09-14T09:00:00+00:00,Mashable,https://mashable.com/article/eagles-chiefs-nfl-2025-live-stream-for-free
Thieves Busted After Stealing a Cellphone from a Security Expert's Wife,"They stole a woman's phone in Barcelona. Unfortunately, her husband was security consultant/penetration tester Martin Vigo, reports Spain's newspaper El Pais. 

""His weeks-long investigation coincided with a massive two-year police operation between 2022 and 2024 in six countries where 17 people were arrested: Spain, Argentina, Colombia, Chile, Ecuador, and Peru....""

	In Vigo's case, the phone was locked and the ""Find my iPhone"" feature was activated... Once stolen, the phones are likely wrapped in aluminum foil to prevent the GPS from tracking their movements. ""Then they go to a safe house where they are gathered together and shipped on pallets outside of Spain, to Morocco or China."" This international step is vital to prevent the phone from being blocked if the thieves try to use it agaâ€¦",English,2025-09-14T07:34:00+00:00,Slashdot,https://it.slashdot.org/story/25/09/14/0357239/thieves-busted-after-stealing-a-cellphone-from-a-security-experts-wife?utm_source=rss1.0mainlinkanon&utm_medium=feed
Spanish airport owner accuses Ryanair of â€˜liesâ€™ over flight cuts,Aena chair says airline is using it as a scapegoat to dodge customersâ€™ wrath over cancellations,English,2025-09-14T04:00:24+00:00,Financial Times,https://www.ft.com/content/473cae42-07f3-4177-9650-a1668425bbcd
How Macronâ€™s France became Europeâ€™s fiscal problem child,Dire finances reflect pandemic and energy crisis largesse but also presidentâ€™s early tax cuts,English,2025-09-14T04:00:15+00:00,Financial Times,https://www.ft.com/content/2a1effad-b82b-433c-9ffe-9d48910912e9
French companiesâ€™ borrowing costs fall below governmentâ€™s as debt fears intensify,"Lower yields for groups including Lâ€™OrÃ©al, Airbus and Axa shake up typical order and signal Parisâ€™s loss of â€˜risk-freeâ€™ status",English,2025-09-14T04:00:15+00:00,Financial Times,https://www.ft.com/content/be40c638-77ce-4986-9274-fa157d3a0ffb
Is Perl the World's 10th Most Popular Programming Language?,"TIOBE attempts to calculate programming language popularity using the number of skilled engineers, courses, and third-party vendors. 
And the eight most popular languages in September's rankings haven't changed since last month:

 1. Python
2. C++
3. C 
4. Java
5. C#
6. JavaScript
7. Visual Basic
8. Go 



But by TIOBE's ranking, Perl is still the #10 most-popular programming in September (dropping from #9 in August). ""One year ago Perl was at position 27 and now it suddenly pops up at position 10 again,"" marvels TIOBE CEO Paul Jansen.
The technical reason why Perl is rated this high is because of its huge number of books on Amazon. It has 4 times more books listed than for instance PHP, or 7 times more books than Rust. The underlying ""real"" reason for Perl's increase of popularity is unknâ€¦",English,2025-09-14T03:34:00+00:00,Slashdot,https://developers.slashdot.org/story/25/09/14/0134239/is-perl-the-worlds-10th-most-popular-programming-language?utm_source=rss1.0mainlinkanon&utm_medium=feed
"'Dragonfly' Mission to Saturn's Moon Titan: Behind Schedule, Overbudget, Says NASA Inspector General","After its six-year journey to Saturn's moon Titan, Dragonfly's rotorcraft lander ""will fly like a large drone,"" explains its web page, spending three years sampling multiple landing sites to characterize Titan's habitability and look for ""precursors of the origin of life.""

""However, the project has undergone multiple replans impacting cost and schedule, resulting in a life-cycle cost increase of nearly $1 billion and over 2 years of delays,"" according to an announcement from NASA's Inspector General. 
From the Inspector General's report:

The cost increase and schedule delay were largely the result of NASA directing [Johns Hopkins University] Applied Physics Laboratory to conduct four replans between June 2019 and July 2023 early in Dragonfly's development. Justifications for these replanâ€¦",English,2025-09-14T01:34:00+00:00,Slashdot,https://science.slashdot.org/story/25/09/14/0026256/dragonfly-mission-to-saturns-moon-titan-behind-schedule-overbudget-says-nasa-inspector-general?utm_source=rss1.0mainlinkanon&utm_medium=feed
Liam Hemsworth is Geralt in the first Witcher season 4 trailer,"Itâ€™s been a few years since Netflix confirmed that Liam Hemsworth would be taking over as Geralt of Rivia in the live-action Witcher series. And while we caught a brief glimpse of him in action last year, the first proper clip from season 4 of the show reveals just how Hemsworth will be inhabiting the [â€¦]",English,2025-09-14T01:30:29+00:00,The Verge,https://www.theverge.com/netflix/777590/the-witcher-netflix-season-4-trailer-release-date-liam-hemsworth
"Over 100,000 attend London rally organized by far-right activist, clashes break out","The march, organized by far-right activist Tommy Robinson, drew more than 110,000 people on Saturday. At least 26 police officers were injured in clashes that broke out.",English,2025-09-14T00:23:20+00:00,NPR,https://www.npr.org/2025/09/13/g-s1-88663/london-protest-by-far-right-activist
"More Return-to-Office Crackdowns, with 61.7% of Employees Now in Office Full-Time","Paramount and Comcast's NBCUniversal are joining Microsoft in telling employees ""they could face consequences if they don't return to the office more frequently,"" reports the Washington Post:

NBCUniversal sent a memo to its employees telling them to return to the office four days a week starting in January [with the option to work remotely on Fridays]. Last week, Paramount told employees to return five days a week, with the first group starting in January. Both Paramount and NBCUniversal said they would offer severance packages to eligible employees who are unwilling or unable to make the switch... Companies have been cracking down on flexible work for the past several years, with Goldman Sachs being one of the first to implement a five-day office policy. Since then, others have joined inâ€¦",English,2025-09-13T23:18:00+00:00,Slashdot,https://it.slashdot.org/story/25/09/13/040256/more-return-to-office-crackdowns-with-617-of-employees-now-in-office-full-time?utm_source=rss1.0mainlinkanon&utm_medium=feed
Tesla board chair calls debate over Elon Muskâ€™s $1T pay package â€˜a little bit weirdâ€™,"Tesla's board chair is defending a proposed 10-year, $1 trillion compensation package for CEO Elon Musk.",English,2025-09-13T21:33:34+00:00,TechCrunch,https://techcrunch.com/2025/09/13/tesla-board-chair-calls-debate-over-elon-musks-1t-pay-package-a-little-bit-weird/
Pilot union urges FAA to reject Rainmakerâ€™s drone cloud-seeding plan,Rainmaker wants to use flares to seed clouds â€” the airline pilots' union says it won't be safe.,English,2025-09-13T19:10:43+00:00,TechCrunch,https://techcrunch.com/2025/09/13/pilot-union-urges-faa-to-reject-rainmakers-drone-cloud-seeding-plan/
California lawmakers pass AI safety bill SB 53 â€” but Newsom could still veto,The state's landmark safety bill sets new transparency requirements for large AI companies.,English,2025-09-13T18:56:50+00:00,TechCrunch,https://techcrunch.com/2025/09/13/california-lawmakers-pass-ai-safety-bill-sb-53-but-newsom-could-still-veto/
Time is running out to get half off a year of Paramount Plus,"Itâ€™s September, and many among us are dealing with back to school, and anticipating the colder weather thatâ€™s on its way (at least, if you live in the northern climes). This, plus a somewhat fraught political atmosphere, means that you might be looking for reliable, affordable ways to escape the doldrums. You donâ€™t need us [â€¦]",English,2025-09-13T16:00:00+00:00,The Verge,https://www.theverge.com/tech/777057/paramount-plus-baseus-dash-cam-solar-lego-earbuds-deal-sale
This California bill will require transparency from AI companies. But will it actually prevent major disasters?,"When it comes to AI, as California goes, so goes the nation. The biggest state in the US by population is also the central hub of AI innovation for the entire globe, home to 32 of the worldâ€™s top 50 AI companies. That size and influence have given the Golden State the weight to become [â€¦]",English,2025-09-13T15:55:00+00:00,Vox,https://www.vox.com/future-perfect/461340/sb53-california-ai-bill-catastrophic-risk-explained
xAI reportedly lays off 500 workers from data annotation team,Elon Musk's AI startup says it's shifting focus from generalist AI tutors to specialists.,English,2025-09-13T15:50:50+00:00,TechCrunch,https://techcrunch.com/2025/09/13/xai-reportedly-lays-off-500-workers-from-data-annotation-team/
Is this the â€œsickest generationâ€ in American history? Not even close.,"If youâ€™ve been paying any attention to the fractious debate over American health policy, youâ€™ve probably heard this phrase: â€œthe sickest generation in American history.â€ The words can be found in the third sentence of a major report released in May by a presidential commission led by Health and Human Services Secretary Robert F. Kennedy [â€¦]",English,2025-09-13T12:30:00+00:00,Vox,https://www.vox.com/future-perfect/461506/make-america-healthy-again-robert-kennedy-vaccines-obesity
How Charlie Kirk remade Gen Z,"In the hours and days after Charlie Kirkâ€™s killing, the breadth of people â€” particularly younger ones â€” sharing grief and shock on newsfeeds, Instagram stories, or TikTok livestreams might have been surprising. They were not just avowed conservatives or loyal Trump voters, but seemingly apolitical people: old classmates or hometown friends who never posted [â€¦]",English,2025-09-12T20:35:00+00:00,Vox,https://www.vox.com/politics/461498/charlie-kirk-remade-gen-z-transform-conservative-youth-politics-legacy
Letâ€™s be honest about Charlie Kirkâ€™s life â€” and death,"In the days since the killing of right-wing activist Charlie Kirk, the overwhelming response on the left has been shock and horror. No one of prominence has justified the killing; hundreds, from Democratic Party leadership on down, have condemned political violence. But below the unanimity is a subtler debate: not about how to respond to [â€¦]",English,2025-09-12T18:00:00+00:00,Vox,https://www.vox.com/politics/461408/charlie-kirk-shooting-killed-right-way-suspect
How to save Social Security without screwing over poor people,"The other day, economist Tyler Cowen made an offhand observation that took me aback a bit: that the French, today, enjoy â€œthe longest financed retirements ever seen in the history of the world.â€ Verifying the â€œhistory of the worldâ€ part is beyond my historical skill level. That said, the OECDâ€™s Pensions at a Glance report [â€¦]",English,2025-09-12T12:30:00+00:00,Vox,https://www.vox.com/future-perfect/461198/social-security-retirement-age-longevity-life-expectancy
Democrats are on the verge of a dangerous mistake,"Mere hours after the killing of Charlie Kirk, President Donald Trump blamed the â€œradical leftâ€ and signaled a crackdown was coming â€” despite the killerâ€™s identity and motives remaining unknown. In an Oval Office statement on Wednesday, Trump said his administration would â€œfind each and every one of those who contributed to this atrocity and [â€¦]",English,2025-09-12T10:45:00+00:00,Vox,https://www.vox.com/politics/461357/charlie-kirk-government-shutdown-filibuster-ezra-klein
The most miraculous animal migration is happening in the middle of New York City,"BROOKLYN, New York â€” When people imagine what nature looks like, this probably wouldnâ€™t be it. On an overcast afternoon in August, I stood next to a strip of plants between the sidewalk and the street in Central Brooklyn, no more than a block from a six-lane highway. An ambulance wailed in the distance. It [â€¦]",English,2025-09-12T10:00:00+00:00,Vox,https://www.vox.com/down-to-earth/461016/monarch-butterfly-migration-new-york-city
